Time,Detector Score,Classification,Classification Score,BirdVoxClassify Order,BirdVoxClassify Order Confidence,BirdVoxClassify Family,BirdVoxClassify Family Confidence,BirdVoxClassify Species,BirdVoxClassify Species Confidence
4.1,71.13288879394531,Call.Turdidae,98.23924899101257,Passeriformes,99.97164011001587,Turdidae,98.23924899101257,OTHE,96.07501327991486
10.02,53.74308395385742,Call.Passerellidae,56.81781768798828,Passeriformes,99.92655515670776,Passerellidae,56.81781768798828,OTHE,92.63693988323212
19.34,55.65357208251953,Call.Turdidae,83.47317576408386,Passeriformes,99.98171925544739,Turdidae,83.47317576408386,OTHE,99.27238523960114
28.37,59.61925506591797,Call.Turdidae,87.23094463348389,Passeriformes,99.97918009757996,Turdidae,87.23094463348389,OTHE,97.90405035018921
30.79,64.60104370117188,Call.Turdidae,94.0507709980011,Passeriformes,97.07776308059692,Turdidae,94.0507709980011,OTHE,98.15201461315155
33.11,99.98999786376953,Call.Turdidae,95.8910584449768,Passeriformes,99.99977350234985,Turdidae,95.8910584449768,OTHE,96.06394469738007
34.93,63.109458923339844,Call.Turdidae,71.44058346748352,Passeriformes,99.12538528442383,Turdidae,71.44058346748352,OTHE,99.24518764019012
41.2,62.219635009765625,Call.Turdidae,99.38150644302368,Passeriformes,99.74581003189087,Turdidae,99.38150644302368,OTHE,52.29877829551697
50.18,59.287750244140625,Call.Passeriformes,99.84661340713501,Passeriformes,99.84661340713501,other,77.6479959487915,OTHE,77.6479959487915
50.38,99.98999786376953,Call.Turdidae,87.5406265258789,Passeriformes,98.69348406791687,Turdidae,87.5406265258789,OTHE,97.91785180568695
61.63,59.81703186035156,Call.Turdidae,98.10888767242432,Passeriformes,99.88971948623657,Turdidae,98.10888767242432,OTHE,96.54923677444458
64.39,66.24612426757812,Call.Turdidae,96.92835211753845,Passeriformes,99.94588494300842,Turdidae,96.92835211753845,OTHE,88.76751959323883
76.88,99.98999786376953,Call.Turdidae,99.88582730293274,Passeriformes,99.96742010116577,Turdidae,99.88582730293274,OTHE,68.60268115997314
81.27,66.85234069824219,Call.Turdidae,89.27424550056458,Passeriformes,89.40449953079224,Turdidae,89.27424550056458,OTHE,99.38638806343079
81.66,51.00381851196289,Call.Turdidae,79.65419888496399,Passeriformes,99.90339279174805,Turdidae,79.65419888496399,OTHE,98.68115186691284
86.89,59.644004821777344,Call.Turdidae,93.17115545272827,Passeriformes,99.70558881759644,Turdidae,93.17115545272827,OTHE,73.89903664588928
99.38,99.98999786376953,Call.Turdidae,99.62745904922485,Passeriformes,99.8691976070404,Turdidae,99.62745904922485,OTHE,94.44652795791626
101.89,61.948211669921875,Call.SAVS,99.68006014823914,Passeriformes,99.99992251396179,Passerellidae,99.65908527374268,SAVS,99.68006014823914
102.53,59.951133728027344,Call.GCTH,74.95298385620117,Passeriformes,99.77315068244934,Turdidae,99.87685084342957,GCTH,74.95298385620117
104.41,99.98999786376953,Call.Turdidae,80.87215423583984,Passeriformes,99.22683835029602,Turdidae,80.87215423583984,OTHE,99.41429495811462
105.99000000000001,70.11312866210938,Call.Passerellidae,88.17802667617798,Passeriformes,99.98725652694702,Passerellidae,88.17802667617798,OTHE,87.33271956443787
106.47999999999999,51.66778564453125,Call.Passeriformes,99.93264675140381,Passeriformes,99.93264675140381,other,54.84979748725891,OTHE,54.84979748725891
110.38,65.61817932128906,Call.SWTH,78.20932865142822,Passeriformes,99.99946355819702,Turdidae,99.43479299545288,SWTH,78.20932865142822
111.37,53.969268798828125,Call.Turdidae,86.78545355796814,Passeriformes,99.97667670249939,Turdidae,86.78545355796814,OTHE,94.32437419891357
117.78,99.98999786376953,Call.Passeriformes,99.76749420166016,Passeriformes,99.76749420166016,other,50.479769706726074,OTHE,50.479769706726074
118.27000000000001,63.77931213378906,Call.Turdidae,99.9608039855957,Passeriformes,95.27865648269653,Turdidae,99.9608039855957,OTHE,90.38320481777191
128.54,58.22488021850586,Call.Turdidae,83.41368436813354,Passeriformes,91.36009812355042,Turdidae,83.41368436813354,OTHE,92.43946671485901
130.51,99.98999786376953,Call.Turdidae,91.26389622688293,Passeriformes,99.99287724494934,Turdidae,91.26389622688293,OTHE,95.6486701965332
133.22,53.947784423828125,Call.Turdidae,98.86324405670166,Passeriformes,99.98648166656494,Turdidae,98.86324405670166,OTHE,74.54220652580261
133.67,63.57707214355469,Call.SWTH,64.78062272071838,Passeriformes,99.99659061431885,Turdidae,99.99077320098877,SWTH,64.78062272071838
144.43,51.562164306640625,Call.Turdidae,99.67081546783447,Passeriformes,99.97641444206238,Turdidae,99.67081546783447,OTHE,79.2185515165329
145.41,78.66572570800781,Call.Passerellidae,63.5175347328186,Passeriformes,99.66505765914917,Passerellidae,63.5175347328186,OTHE,79.21534180641174
145.56,71.02583312988281,Call.Turdidae,90.05537033081055,Passeriformes,97.83449172973633,Turdidae,90.05537033081055,OTHE,96.96160554885864
148.57,55.28077697753906,Call.Turdidae,98.81702661514282,Passeriformes,99.47446584701538,Turdidae,98.81702661514282,OTHE,98.84430766105652
149.85,99.98999786376953,Call.SWTH,71.24589085578918,Passeriformes,97.94462323188782,Turdidae,99.76130723953247,SWTH,71.24589085578918
150.69,99.98999786376953,Call.Turdidae,97.12133407592773,Passeriformes,99.8259425163269,Turdidae,97.12133407592773,OTHE,96.70147597789764
151.09,71.50508117675781,Call.SWTH,84.78827476501465,Passeriformes,99.99547004699707,Turdidae,99.92974996566772,SWTH,84.78827476501465
153.85,53.331459045410156,Call.Turdidae,74.24966096878052,Passeriformes,98.92503023147583,Turdidae,74.24966096878052,OTHE,99.73191320896149
154.34,99.98999786376953,Call.Turdidae,99.75873231887817,Passeriformes,99.99990463256836,Turdidae,99.75873231887817,OTHE,86.95520162582397
154.69,61.6756591796875,Call.Turdidae,99.66402053833008,Passeriformes,99.99056458473206,Turdidae,99.66402053833008,OTHE,91.67150557041168
157.01,63.449851989746094,Call.Turdidae,98.75743389129639,Passeriformes,99.98766779899597,Turdidae,98.75743389129639,OTHE,52.420398592948914
160.56,57.62711715698242,Call.SWTH,79.86418604850769,Passeriformes,99.93231892585754,Turdidae,99.91228580474854,SWTH,79.86418604850769
161.1,70.79843139648438,Call.Turdidae,86.26452684402466,Passeriformes,99.58604574203491,Turdidae,86.26452684402466,OTHE,96.88827693462372
161.84,99.98999786376953,,,other,72.39631712436676,other,72.39631712436676,OTHE,72.39631712436676
165.84,99.98999786376953,Call.Turdidae,99.80126023292542,Passeriformes,99.89410638809204,Turdidae,99.80126023292542,OTHE,98.22953641414642
166.97,99.98999786376953,Call.Turdidae,93.26344728469849,Passeriformes,99.92339015007019,Turdidae,93.26344728469849,OTHE,99.10695552825928
168.36,68.36221313476562,Call.Turdidae,94.36684846878052,Passeriformes,99.97560977935791,Turdidae,94.36684846878052,OTHE,99.70460534095764
169.24,61.882232666015625,Call.Parulidae,53.89874577522278,Passeriformes,98.7894058227539,Parulidae,53.89874577522278,OTHE,99.30295050144196
169.74,63.932586669921875,Call.Passerellidae,80.53102493286133,Passeriformes,99.46349263191223,Passerellidae,80.53102493286133,OTHE,93.8293308019638
170.38,59.838890075683594,Call.Turdidae,94.83500719070435,Passeriformes,99.92525577545166,Turdidae,94.83500719070435,OTHE,99.01353418827057
171.71,63.84910583496094,Call.Passeriformes,99.92433786392212,Passeriformes,99.92433786392212,other,73.27635288238525,OTHE,73.27635288238525
172.85,51.7841682434082,Call.GCTH,56.67718052864075,Passeriformes,93.0904746055603,Turdidae,99.78435039520264,GCTH,56.67718052864075
174.92000000000002,57.03846740722656,Call.Passeriformes,98.84920716285706,Passeriformes,98.84920716285706,other,55.31376004219055,OTHE,55.31376004219055
175.76,99.98999786376953,Call.Turdidae,96.91476821899414,Passeriformes,72.78606295585632,Turdidae,96.91476821899414,OTHE,97.45179414749146
176.6,99.98999786376953,Call.Turdidae,78.68033647537231,Passeriformes,97.06289768218994,Turdidae,78.68033647537231,OTHE,55.38422465324402
181.93,99.98999786376953,Call.Turdidae,98.50900173187256,Passeriformes,99.93593096733093,Turdidae,98.50900173187256,OTHE,68.75324845314026
185.92,64.06732177734375,Call.Turdidae,99.88189935684204,Passeriformes,99.6894359588623,Turdidae,99.88189935684204,OTHE,89.44033086299896
187.99,95.01748657226562,Call.Turdidae,95.91602087020874,Passeriformes,99.99902248382568,Turdidae,95.91602087020874,OTHE,89.18641805648804
189.82,68.14738464355469,Call.Turdidae,98.32520484924316,Passeriformes,98.46804141998291,Turdidae,98.32520484924316,OTHE,99.20312762260437
190.46,99.98999786376953,Call.Turdidae,93.95025968551636,Passeriformes,99.99133348464966,Turdidae,93.95025968551636,OTHE,88.42180371284485
190.76,58.25151824951172,Call.GCTH,60.578453540802,Passeriformes,99.97550249099731,Turdidae,99.66715574264526,GCTH,60.578453540802
201.56,62.95622253417969,Call.Passerellidae,92.21787452697754,Passeriformes,99.96464252471924,Passerellidae,92.21787452697754,OTHE,71.0782527923584
208.77,58.94198226928711,Call.Turdidae,98.16648960113525,Passeriformes,97.33670353889465,Turdidae,98.16648960113525,OTHE,98.83691370487213
209.31,68.27822875976562,Call.Turdidae,93.39128136634827,Passeriformes,99.99196529388428,Turdidae,93.39128136634827,OTHE,97.90200591087341
213.36,99.98999786376953,Call.Turdidae,99.73558783531189,Passeriformes,99.73037242889404,Turdidae,99.73558783531189,OTHE,69.44923996925354
217.11,52.862953186035156,Call.Turdidae,87.70451545715332,Passeriformes,98.81105422973633,Turdidae,87.70451545715332,OTHE,98.8646388053894
218.98,57.254966735839844,Call.Turdidae,80.56873679161072,Passeriformes,99.98587369918823,Turdidae,80.56873679161072,OTHE,99.26682710647583
219.57,57.28693389892578,Call.Turdidae,99.89042282104492,Passeriformes,96.47047519683838,Turdidae,99.89042282104492,OTHE,94.4316565990448
219.67000000000002,61.490997314453125,Call.SWTH,84.80746150016785,Passeriformes,99.97572898864746,Turdidae,99.90542531013489,SWTH,84.80746150016785
221.74,64.30349731445312,Call.Turdidae,99.67233538627625,Passeriformes,99.82194304466248,Turdidae,99.67233538627625,OTHE,53.48915159702301
222.53,56.557552337646484,Call.Turdidae,99.20457601547241,Passeriformes,99.97009038925171,Turdidae,99.20457601547241,OTHE,97.32100069522858
227.42000000000002,54.16154861450195,Call.Turdidae,99.55357313156128,Passeriformes,70.0960099697113,Turdidae,99.55357313156128,OTHE,93.26799511909485
228.31,99.98999786376953,Call.Passerellidae,86.37235164642334,Passeriformes,99.68259334564209,Passerellidae,86.37235164642334,OTHE,91.765096783638
230.73,65.92007446289062,Call.Turdidae,97.11753129959106,Passeriformes,98.84552955627441,Turdidae,97.11753129959106,OTHE,99.68857169151306
230.97,69.81536865234375,Call.Turdidae,89.99099731445312,Passeriformes,99.67677593231201,Turdidae,89.99099731445312,OTHE,98.59870374202728
233.39,59.45896911621094,Call.Turdidae,97.27487564086914,Passeriformes,98.00255298614502,Turdidae,97.27487564086914,OTHE,99.15719926357269
234.62,62.46955871582031,Call.Turdidae,98.43096733093262,Passeriformes,99.96235370635986,Turdidae,98.43096733093262,OTHE,98.49141836166382
237.53,66.25532531738281,Call.Turdidae,73.15504550933838,Passeriformes,99.98631477355957,Turdidae,73.15504550933838,OTHE,99.85986948013306
239.36,61.14808654785156,Call.Passeriformes,99.15109872817993,Passeriformes,99.15109872817993,other,76.95895433425903,OTHE,76.95895433425903
248.83,91.6485595703125,Call.Turdidae,91.31185412406921,Passeriformes,76.22790336608887,Turdidae,91.31185412406921,OTHE,99.94418323040009
249.03,99.98999786376953,Call.Turdidae,99.90062117576599,Passeriformes,99.46562051773071,Turdidae,99.90062117576599,OTHE,95.6536203622818
249.48,57.882442474365234,Call.Turdidae,97.9424774646759,Passeriformes,99.40495491027832,Turdidae,97.9424774646759,OTHE,96.45805656909943
256.63,56.680049896240234,Call.Turdidae,99.97067451477051,Passeriformes,93.0607557296753,Turdidae,99.97067451477051,OTHE,90.66698253154755
262.9,53.58243179321289,Call.Turdidae,98.49259853363037,Passeriformes,99.71880912780762,Turdidae,98.49259853363037,OTHE,97.6688414812088
315.45,58.30628967285156,Call.Turdidae,94.67805624008179,Passeriformes,98.09496402740479,Turdidae,94.67805624008179,OTHE,98.67055714130402
319.0,61.220703125,Call.Turdidae,97.26593494415283,Passeriformes,86.22270822525024,Turdidae,97.26593494415283,OTHE,94.87985968589783
326.45,50.171226501464844,Call.Turdidae,50.02465844154358,Passeriformes,81.38964176177979,Turdidae,50.02465844154358,OTHE,99.48797821998596
336.32,58.475364685058594,Call.Turdidae,95.6667423248291,Passeriformes,99.98757839202881,Turdidae,95.6667423248291,OTHE,94.44746375083923
339.18,62.03399658203125,Call.Passerellidae,67.30285286903381,Passeriformes,96.48942351341248,Passerellidae,67.30285286903381,OTHE,94.18755769729614
355.65999999999997,61.22453308105469,Call.Passeriformes,97.46001958847046,Passeriformes,97.46001958847046,other,67.0703113079071,OTHE,67.0703113079071
374.95,59.849571228027344,Call.Turdidae,99.45065975189209,Passeriformes,99.8409628868103,Turdidae,99.45065975189209,OTHE,67.38944947719574
383.24,57.571170806884766,Call.Turdidae,93.97863745689392,Passeriformes,99.60720539093018,Turdidae,93.97863745689392,OTHE,99.49252009391785
384.57,55.96257781982422,Call.Turdidae,81.09662532806396,Passeriformes,99.64739084243774,Turdidae,81.09662532806396,OTHE,99.06725883483887
386.55,66.48190307617188,Call.Turdidae,99.4405448436737,Passeriformes,99.85657334327698,Turdidae,99.4405448436737,OTHE,87.68945932388306
398.79,50.056053161621094,Call.Turdidae,97.809237241745,Passeriformes,85.08808612823486,Turdidae,97.809237241745,OTHE,91.86844825744629
474.97,57.53162384033203,Call.Turdidae,97.59207963943481,Passeriformes,99.83115196228027,Turdidae,97.59207963943481,OTHE,98.03972542285919
486.71,53.89521789550781,Call.Turdidae,99.83375668525696,Passeriformes,99.48158264160156,Turdidae,99.83375668525696,OTHE,78.74045372009277
491.94,64.95420837402344,Call.Turdidae,97.29831218719482,Passeriformes,90.74348211288452,Turdidae,97.29831218719482,OTHE,98.24935793876648
493.52,67.95040893554688,Call.Turdidae,99.86824989318848,Passeriformes,99.959397315979,Turdidae,99.86824989318848,OTHE,60.7919842004776
498.26,61.285194396972656,Call.SAVS,72.3061203956604,Passeriformes,99.97915029525757,Passerellidae,88.1964921951294,SAVS,72.3061203956604
501.96,50.92406463623047,Call.Turdidae,89.66532945632935,Passeriformes,99.97462630271912,Turdidae,89.66532945632935,OTHE,86.00899577140808
521.15,53.33122253417969,Call.Turdidae,81.19414448738098,Passeriformes,99.97267723083496,Turdidae,81.19414448738098,OTHE,98.66375029087067
546.91,74.44760131835938,Call.Parulidae,71.6432273387909,Passeriformes,99.96782541275024,Parulidae,71.6432273387909,OTHE,85.90517342090607
557.02,61.875160217285156,Call.Passerellidae,52.65551805496216,Passeriformes,99.05532598495483,Passerellidae,52.65551805496216,OTHE,84.39069986343384
564.77,60.563079833984375,Call.Turdidae,63.69393467903137,Passeriformes,98.5362708568573,Turdidae,63.69393467903137,OTHE,99.96062815189362
565.07,69.67041015625,Call.Turdidae,97.9726791381836,Passeriformes,99.18438792228699,Turdidae,97.9726791381836,OTHE,91.48765504360199
566.3,63.59867858886719,Call.Turdidae,99.25554990768433,Passeriformes,98.53374361991882,Turdidae,99.25554990768433,OTHE,93.10249984264374
566.84,55.93678283691406,Call.Turdidae,99.8436689376831,Passeriformes,98.49541187286377,Turdidae,99.8436689376831,OTHE,90.24313390254974
569.11,56.540103912353516,Call.Turdidae,98.67004752159119,Passeriformes,99.36128854751587,Turdidae,98.67004752159119,OTHE,93.26935708522797
571.09,53.92202377319336,Call.Turdidae,92.61312484741211,Passeriformes,99.29490089416504,Turdidae,92.61312484741211,OTHE,82.20751881599426
571.33,60.743873596191406,Call.Turdidae,90.59584140777588,Passeriformes,99.99834299087524,Turdidae,90.59584140777588,OTHE,98.62515926361084
573.6,99.98999786376953,Call.Passeriformes,99.73387718200684,Passeriformes,99.73387718200684,other,79.77697849273682,OTHE,79.77697849273682
574.98,64.11056518554688,Call.Turdidae,69.042307138443,Passeriformes,98.69256019592285,Turdidae,69.042307138443,OTHE,99.5692640542984
575.08,59.67536163330078,Call.SWTH,84.55585241317749,Passeriformes,96.00569009780884,Turdidae,98.5311508178711,SWTH,84.55585241317749
576.96,76.89894104003906,Call.Turdidae,97.02773094177246,Passeriformes,99.781334400177,Turdidae,97.02773094177246,OTHE,99.7372180223465
583.67,63.07159423828125,Call.Turdidae,51.21052861213684,Passeriformes,99.70264434814453,Turdidae,51.21052861213684,OTHE,99.81877505779266
585.3,60.586822509765625,Call.Turdidae,98.85623455047607,Passeriformes,99.973464012146,Turdidae,98.85623455047607,OTHE,88.96309435367584
586.19,60.86439514160156,Call.Passerellidae,80.39467930793762,Passeriformes,99.8684287071228,Passerellidae,80.39467930793762,OTHE,73.92868101596832
587.37,79.40812683105469,Call.Passeriformes,99.9998688697815,Passeriformes,99.9998688697815,other,88.0170226097107,OTHE,88.0170226097107
588.11,60.675567626953125,,,other,60.519686341285706,other,60.519686341285706,OTHE,60.519686341285706
588.36,61.998291015625,Call.SWTH,84.91244316101074,Passeriformes,99.57435131072998,Turdidae,99.58739280700684,SWTH,84.91244316101074
593.44,55.204524993896484,Call.Turdidae,89.35562372207642,Passeriformes,99.03491735458374,Turdidae,89.35562372207642,OTHE,99.3700236082077
595.76,54.827720642089844,Call.Passerellidae,69.83164548873901,Passeriformes,99.93992447853088,Passerellidae,69.83164548873901,OTHE,75.88835954666138
623.83,61.29375457763672,Call.Passerellidae,80.72457313537598,Passeriformes,99.9984860420227,Passerellidae,80.72457313537598,OTHE,90.93095064163208
647.27,50.816261291503906,Call.Turdidae,99.89543557167053,Passeriformes,99.99783039093018,Turdidae,99.89543557167053,OTHE,76.60694420337677
651.56,63.19755554199219,Call.Turdidae,99.85438585281372,Passeriformes,99.99924898147583,Turdidae,99.85438585281372,OTHE,89.4902229309082
658.08,61.89976501464844,Call.Turdidae,87.1304988861084,Passeriformes,96.23496532440186,Turdidae,87.1304988861084,OTHE,93.33355724811554
661.97,82.62553405761719,Call.Turdidae,98.56081008911133,Passeriformes,99.99446868896484,Turdidae,98.56081008911133,OTHE,96.24870419502258
666.71,64.76669311523438,Call.Turdidae,93.70400309562683,Passeriformes,97.3974883556366,Turdidae,93.70400309562683,OTHE,91.96911752223969
669.43,58.255592346191406,Call.Turdidae,96.564781665802,Passeriformes,99.59522485733032,Turdidae,96.564781665802,OTHE,99.45662915706635
675.84,54.25354766845703,Call.Turdidae,91.91267490386963,Passeriformes,99.97159242630005,Turdidae,91.91267490386963,OTHE,99.18853044509888
698.54,57.62068176269531,Call.Turdidae,57.34952092170715,Passeriformes,99.30332899093628,Turdidae,57.34952092170715,OTHE,99.50780868530273
699.67,63.68421936035156,Call.Turdidae,98.22509288787842,Passeriformes,99.78175163269043,Turdidae,98.22509288787842,OTHE,97.940394282341
700.86,99.98999786376953,Call.Turdidae,97.14035391807556,Passeriformes,99.83665347099304,Turdidae,97.14035391807556,OTHE,93.09068024158478
705.4,54.80979919433594,Call.Turdidae,65.12647867202759,Passeriformes,99.83172416687012,Turdidae,65.12647867202759,OTHE,94.539475440979
707.42,99.98999786376953,Call.Turdidae,96.7353880405426,Passeriformes,92.1822190284729,Turdidae,96.7353880405426,OTHE,97.75155782699585
713.49,62.13673400878906,Call.GCTH,59.31919813156128,Passeriformes,99.99558925628662,Turdidae,99.229896068573,GCTH,59.31919813156128
716.65,82.32774353027344,Call.Turdidae,54.403674602508545,Passeriformes,92.63485670089722,Turdidae,54.403674602508545,OTHE,99.97973144054413
720.59,52.41442108154297,Call.Passerellidae,63.816893100738525,Passeriformes,89.95055556297302,Passerellidae,63.816893100738525,OTHE,62.63367533683777
723.75,63.09944152832031,Call.Turdidae,99.22873973846436,Passeriformes,97.26461172103882,Turdidae,99.22873973846436,OTHE,90.81211388111115
724.54,57.708778381347656,Call.Turdidae,96.34835720062256,Passeriformes,99.93702173233032,Turdidae,96.34835720062256,OTHE,95.96164226531982
727.11,51.4455451965332,Call.Turdidae,52.31841802597046,Passeriformes,99.93616342544556,Turdidae,52.31841802597046,OTHE,98.07372987270355
727.75,56.35078430175781,Call.Turdidae,99.87378716468811,Passeriformes,99.96601343154907,Turdidae,99.87378716468811,OTHE,95.47379910945892
737.27,63.23695373535156,Call.Turdidae,99.97996091842651,Passeriformes,96.73667550086975,Turdidae,99.97996091842651,OTHE,81.08219504356384
742.21,57.659393310546875,Call.Turdidae,72.58180379867554,Passeriformes,62.9802942276001,Turdidae,72.58180379867554,OTHE,96.02957963943481
750.79,57.960777282714844,Call.Turdidae,55.88691234588623,Passeriformes,99.83798265457153,Turdidae,55.88691234588623,OTHE,98.83135259151459
758.98,63.29107666015625,Call.Turdidae,99.78415966033936,Passeriformes,99.90339875221252,Turdidae,99.78415966033936,OTHE,76.84447467327118
759.28,78.99057006835938,Call.Turdidae,94.95214223861694,Passeriformes,98.4379768371582,Turdidae,94.95214223861694,OTHE,98.3587384223938
772.45,68.64834594726562,Call.Turdidae,53.66394519805908,Passeriformes,99.9113380908966,Turdidae,53.66394519805908,OTHE,99.79206919670105
776.79,62.48736572265625,Call.Turdidae,75.34069418907166,Passeriformes,99.99963045120239,Turdidae,75.34069418907166,OTHE,99.22016263008118
780.0,60.92451477050781,Call.Turdidae,99.94964599609375,Passeriformes,99.71442222595215,Turdidae,99.94964599609375,OTHE,53.917092084884644
780.4,56.91408920288086,Call.Turdidae,95.57838439941406,Passeriformes,99.99107718467712,Turdidae,95.57838439941406,OTHE,87.64704465866089
784.15,69.294189453125,Call.Turdidae,91.45867824554443,Passeriformes,99.95297193527222,Turdidae,91.45867824554443,OTHE,96.21553421020508
787.06,65.84677124023438,Call.Turdidae,99.89153146743774,Passeriformes,99.71977472305298,Turdidae,99.89153146743774,OTHE,94.52199935913086
789.38,64.00872039794922,Call.Turdidae,91.54876470565796,Passeriformes,99.94534254074097,Turdidae,91.54876470565796,OTHE,97.38993346691132
795.05,53.87903594970703,Call.Turdidae,98.03915023803711,Passeriformes,99.91414546966553,Turdidae,98.03915023803711,OTHE,97.0028668642044
804.03,92.16586303710938,,,other,81.8351298570633,other,81.8351298570633,OTHE,81.8351298570633
838.03,65.13943481445312,Call.Turdidae,74.82441067695618,Passeriformes,98.48669767379761,Turdidae,74.82441067695618,OTHE,98.53568375110626
840.74,99.98999786376953,Call.Turdidae,84.6613883972168,Passeriformes,98.23527336120605,Turdidae,84.6613883972168,OTHE,99.89947378635406
845.63,59.98902130126953,Call.Turdidae,94.52633857727051,Passeriformes,99.72436428070068,Turdidae,94.52633857727051,OTHE,96.82543873786926
854.21,99.98999786376953,Call.Turdidae,98.30822944641113,Passeriformes,98.59192371368408,Turdidae,98.30822944641113,OTHE,99.12285208702087
856.83,63.284912109375,Call.Turdidae,86.30096912384033,Passeriformes,99.88266229629517,Turdidae,86.30096912384033,OTHE,94.69243586063385
856.93,69.85305786132812,Call.SWTH,99.72864985466003,Passeriformes,100.0,Turdidae,99.9976634979248,SWTH,99.72864985466003
857.07,50.334144592285156,Call.Passeriformes,97.23332524299622,Passeriformes,97.23332524299622,other,61.47860884666443,OTHE,61.47860884666443
860.33,59.54925537109375,Call.Turdidae,99.814373254776,Passeriformes,99.9767541885376,Turdidae,99.814373254776,OTHE,74.4574636220932
867.83,61.58976745605469,Call.Turdidae,99.17590022087097,Passeriformes,98.40959310531616,Turdidae,99.17590022087097,OTHE,93.36296916007996
870.3,61.684791564941406,Call.Turdidae,73.78255724906921,Passeriformes,97.76498079299927,Turdidae,73.78255724906921,OTHE,98.49105179309845
871.78,99.98999786376953,Call.Turdidae,56.47530555725098,Passeriformes,99.97509717941284,Turdidae,56.47530555725098,OTHE,99.96115863323212
885.4,63.36296844482422,Call.Turdidae,55.41931986808777,Passeriformes,97.31016159057617,Turdidae,55.41931986808777,OTHE,98.99648725986481
917.57,62.71746826171875,Call.Turdidae,90.0769591331482,Passeriformes,53.43169569969177,Turdidae,90.0769591331482,OTHE,94.71010267734528
936.17,99.98999786376953,Call.Turdidae,99.12706017494202,Passeriformes,94.29627656936646,Turdidae,99.12706017494202,OTHE,62.24672496318817
940.9,54.40495300292969,Call.Turdidae,99.0333080291748,Passeriformes,99.50313568115234,Turdidae,99.0333080291748,OTHE,86.48087084293365
950.03,50.66263961791992,Call.Passerellidae,76.88729166984558,Passeriformes,99.2729902267456,Passerellidae,76.88729166984558,OTHE,87.20447421073914
958.91,50.393653869628906,Call.Turdidae,76.58829689025879,Passeriformes,99.65808391571045,Turdidae,76.58829689025879,OTHE,98.3363151550293
959.31,62.468353271484375,Call.Turdidae,98.66235256195068,Passeriformes,97.28357791900635,Turdidae,98.66235256195068,OTHE,94.8828935623169
959.41,53.25910949707031,Call.Turdidae,99.7370958328247,Passeriformes,99.55533742904663,Turdidae,99.7370958328247,OTHE,84.60976481437683
967.99,50.99767303466797,Call.Turdidae,96.46635055541992,Passeriformes,99.61470365524292,Turdidae,96.46635055541992,OTHE,99.21239018440247
968.88,61.73054504394531,Call.Turdidae,85.00601053237915,Passeriformes,98.6912727355957,Turdidae,85.00601053237915,OTHE,99.49376881122589
968.98,62.06932830810547,Call.Turdidae,97.63079881668091,Passeriformes,99.97661113739014,Turdidae,97.63079881668091,OTHE,79.64912354946136
974.85,99.98999786376953,Call.Passeriformes,99.8900055885315,Passeriformes,99.8900055885315,other,50.939249992370605,OTHE,50.939249992370605
978.8,99.98999786376953,Call.Turdidae,77.7734637260437,Passeriformes,99.23882484436035,Turdidae,77.7734637260437,OTHE,95.31190693378448
981.71,53.044246673583984,Call.SWTH,71.673583984375,Passeriformes,99.99991655349731,Turdidae,99.89286661148071,SWTH,71.673583984375
983.54,52.5187873840332,Call.Turdidae,56.60610795021057,Passeriformes,99.99198913574219,Turdidae,56.60610795021057,OTHE,99.80145394802094
986.25,84.70907592773438,Call.Turdidae,99.10420775413513,Passeriformes,98.61437678337097,Turdidae,99.10420775413513,OTHE,90.59772789478302
987.83,51.97048568725586,Call.SWTH,71.01181745529175,Passeriformes,99.99661445617676,Turdidae,96.29591703414917,SWTH,71.01181745529175
990.15,62.089683532714844,Call.Passerellidae,92.9443359375,Passeriformes,99.87897872924805,Passerellidae,92.9443359375,OTHE,57.22571909427643
993.75,53.586429595947266,,,other,84.63060259819031,other,84.63060259819031,OTHE,84.63060259819031
998.64,57.77540588378906,Call.Turdidae,99.7604250907898,Passeriformes,99.99310374259949,Turdidae,99.7604250907898,OTHE,87.29104399681091
1001.35,56.60441207885742,Call.Turdidae,99.95893836021423,Passeriformes,99.97555017471313,Turdidae,99.95893836021423,OTHE,82.29077756404877
1005.89,59.514286041259766,Call.SWTH,59.54819321632385,Passeriformes,96.29544019699097,Turdidae,99.768728017807,SWTH,59.54819321632385
1017.39,53.67784881591797,Call.Turdidae,99.1887092590332,Passeriformes,99.99985694885254,Turdidae,99.1887092590332,OTHE,93.03467869758606
1021.78,51.93065643310547,Call.Turdidae,83.90135765075684,Passeriformes,92.29786396026611,Turdidae,83.90135765075684,OTHE,99.23968315124512
1030.56,61.7239990234375,Call.Turdidae,99.99198317527771,Passeriformes,99.98055696487427,Turdidae,99.99198317527771,OTHE,63.88774514198303
1032.09,63.30244445800781,Call.Turdidae,81.5517008304596,Passeriformes,99.91543292999268,Turdidae,81.5517008304596,OTHE,98.62779676914215
1033.62,54.044456481933594,Call.Passeriformes,99.97334480285645,Passeriformes,99.97334480285645,other,61.14096641540527,OTHE,61.14096641540527
1041.32,63.562835693359375,Call.SWTH,53.157371282577515,Passeriformes,99.99158978462219,Turdidae,99.97066855430603,SWTH,53.157371282577515
1042.9,56.84934616088867,Call.Passerellidae,56.54641389846802,Passeriformes,85.59528589248657,Passerellidae,56.54641389846802,OTHE,86.18978559970856
1044.23,52.24493408203125,Call.Turdidae,98.54915142059326,Passeriformes,79.84577417373657,Turdidae,98.54915142059326,OTHE,84.73635613918304
1046.65,99.98999786376953,Call.Turdidae,97.12091088294983,Passeriformes,99.99918341636658,Turdidae,97.12091088294983,OTHE,99.16529357433319
1049.56,99.98999786376953,Call.Turdidae,96.75116539001465,Passeriformes,91.51724576950073,Turdidae,96.75116539001465,OTHE,98.81068766117096
1054.69,63.368553161621094,Call.Turdidae,93.95328760147095,Passeriformes,99.98970031738281,Turdidae,93.95328760147095,OTHE,91.24419689178467
1059.43,53.51659393310547,Call.Turdidae,98.73731136322021,Passeriformes,99.92098212242126,Turdidae,98.73731136322021,OTHE,95.91281414031982
1065.64,54.458641052246094,Call.Turdidae,98.75885248184204,Passeriformes,96.71724438667297,Turdidae,98.75885248184204,OTHE,98.6797422170639
1068.11,58.017242431640625,Call.Turdidae,99.57165718078613,Passeriformes,99.84543919563293,Turdidae,99.57165718078613,OTHE,93.00289154052734
1069.0,55.897239685058594,Call.Turdidae,85.75327396392822,Passeriformes,99.43863153457642,Turdidae,85.75327396392822,OTHE,96.62713706493378
1070.63,71.00308227539062,Call.Turdidae,92.4192726612091,Passeriformes,99.93091225624084,Turdidae,92.4192726612091,OTHE,99.66037273406982
1073.24,69.80332946777344,Call.Turdidae,89.51979875564575,Passeriformes,99.92258548736572,Turdidae,89.51979875564575,OTHE,94.74129974842072
1075.81,60.444908142089844,Call.Turdidae,90.09486436843872,Passeriformes,99.37631487846375,Turdidae,90.09486436843872,OTHE,96.85001373291016
1079.06,50.13359832763672,Call.Turdidae,99.86662864685059,Passeriformes,99.6094822883606,Turdidae,99.86662864685059,OTHE,78.96911799907684
1089.03,53.84549331665039,Call.Parulidae,55.86065053939819,Passeriformes,99.89616274833679,Parulidae,55.86065053939819,OTHE,89.15499746799469
1107.14,56.52252960205078,Call.Turdidae,70.75982689857483,Passeriformes,97.83776998519897,Turdidae,70.75982689857483,OTHE,99.1750031709671
1110.69,59.73799514770508,Call.GCTH,84.8788321018219,Passeriformes,99.96960759162903,Turdidae,58.39448571205139,GCTH,84.8788321018219
1111.14,62.668739318847656,Call.Turdidae,99.98893737792969,Passeriformes,97.581946849823,Turdidae,99.98893737792969,OTHE,53.97317409515381
1121.1,62.33050537109375,Call.Turdidae,98.8540530204773,Passeriformes,99.94840621948242,Turdidae,98.8540530204773,OTHE,97.59558141231537
1123.87,55.581809997558594,Call.Turdidae,98.47656488418579,Passeriformes,99.94208812713623,Turdidae,98.47656488418579,OTHE,94.13914680480957
1138.82,65.59298706054688,Call.Passerellidae,86.23262643814087,Passeriformes,99.97321367263794,Passerellidae,86.23262643814087,OTHE,59.5770925283432
1143.75,60.49922180175781,Call.Turdidae,60.39841175079346,Passeriformes,98.97429943084717,Turdidae,60.39841175079346,OTHE,99.80981945991516
1144.15,99.98999786376953,Call.Passeriformes,99.05531406402588,Passeriformes,99.05531406402588,other,64.4061803817749,OTHE,64.4061803817749
1150.26,66.56034851074219,Call.Turdidae,79.4769287109375,Passeriformes,96.32447957992554,Turdidae,79.4769287109375,OTHE,98.84157180786133
1153.77,61.57880401611328,Call.Turdidae,92.04990863800049,Passeriformes,99.93904232978821,Turdidae,92.04990863800049,OTHE,98.09213280677795
1156.53,56.71162414550781,Call.Turdidae,97.7887749671936,Passeriformes,99.31249618530273,Turdidae,97.7887749671936,OTHE,97.25614786148071
1158.36,68.49955749511719,,,other,53.34228575229645,other,53.34228575229645,OTHE,53.34228575229645
1180.41,67.50164794921875,Call.Passerellidae,54.379814863204956,Passeriformes,99.96036887168884,Passerellidae,54.379814863204956,OTHE,71.51144742965698
1184.21,60.261810302734375,,,other,92.10346639156342,other,92.10346639156342,OTHE,92.10346639156342
1188.11,98.862548828125,Call.Turdidae,84.53980088233948,Passeriformes,98.16625714302063,Turdidae,84.53980088233948,OTHE,93.99709105491638
1201.33,56.11381149291992,Call.Turdidae,95.0132429599762,Passeriformes,96.55043482780457,Turdidae,95.0132429599762,OTHE,98.04246127605438
1209.38,51.71271514892578,Call.Turdidae,79.56832647323608,Passeriformes,99.97748136520386,Turdidae,79.56832647323608,OTHE,99.58480298519135
1214.85,53.591705322265625,Call.WTSP,68.75206232070923,Passeriformes,99.99995231628418,Passerellidae,96.1540699005127,WTSP,68.75206232070923
1215.45,67.39518737792969,Call.Passeriformes,99.9698281288147,Passeriformes,99.9698281288147,other,64.89556431770325,OTHE,64.89556431770325
1215.59,52.246864318847656,Call.Turdidae,50.68121552467346,Passeriformes,99.85599517822266,Turdidae,50.68121552467346,OTHE,96.43896520137787
1217.42,62.54170227050781,Call.Turdidae,89.82789516448975,Passeriformes,99.98716115951538,Turdidae,89.82789516448975,OTHE,95.75281739234924
1241.35,54.61788558959961,Call.Turdidae,97.17196226119995,Passeriformes,99.91106390953064,Turdidae,97.17196226119995,OTHE,97.62368500232697
1245.05,64.28230285644531,Call.Turdidae,95.75085639953613,Passeriformes,98.06661009788513,Turdidae,95.75085639953613,OTHE,99.11934435367584
1246.73,58.93701934814453,Call.Turdidae,99.77266788482666,Passeriformes,90.22243618965149,Turdidae,99.77266788482666,OTHE,93.45247447490692
1256.94,54.64260482788086,Call.Turdidae,84.09061431884766,Passeriformes,99.88209009170532,Turdidae,84.09061431884766,OTHE,98.39298725128174
1257.29,57.646209716796875,Call.Passeriformes,99.30528998374939,Passeriformes,99.30528998374939,other,50.86932182312012,OTHE,50.86932182312012
1265.08,56.621246337890625,Call.Turdidae,97.15003967285156,Passeriformes,99.99982714653015,Turdidae,97.15003967285156,OTHE,72.43549227714539
1267.9,58.87548828125,Call.Turdidae,99.12574291229248,Passeriformes,99.78243112564087,Turdidae,99.12574291229248,OTHE,97.61265218257904
1276.19,60.190650939941406,Call.Turdidae,98.5702633857727,Passeriformes,99.99849200248718,Turdidae,98.5702633857727,OTHE,55.00510632991791
1280.82,64.42057037353516,Call.Turdidae,85.45087575912476,Passeriformes,84.10783410072327,Turdidae,85.45087575912476,OTHE,98.03427755832672
1289.95,60.714599609375,Call.Passerellidae,59.769243001937866,Passeriformes,99.1961658000946,Passerellidae,59.769243001937866,OTHE,95.83717286586761
1292.72,63.62744140625,Call.Parulidae,94.02300715446472,Passeriformes,98.5224962234497,Parulidae,94.02300715446472,OTHE,70.75624763965607
1303.82,51.65626907348633,,,other,92.71561801433563,other,92.71561801433563,OTHE,92.71561801433563
1305.94,60.387367248535156,Call.Turdidae,93.07223558425903,Passeriformes,99.70848560333252,Turdidae,93.07223558425903,OTHE,97.44991958141327
1309.84,58.75780487060547,Call.Turdidae,85.25882363319397,Passeriformes,96.02248072624207,Turdidae,85.25882363319397,OTHE,98.17897081375122
1311.61,68.94175720214844,Call.SWTH,93.33547949790955,Passeriformes,99.99938011169434,Turdidae,99.98923540115356,SWTH,93.33547949790955
1319.02,60.48029327392578,Call.Turdidae,98.168283700943,Passeriformes,98.3016312122345,Turdidae,98.168283700943,OTHE,95.36119103431702
1321.98,63.017669677734375,Call.Turdidae,91.18269681930542,Passeriformes,97.80974388122559,Turdidae,91.18269681930542,OTHE,93.27501654624939
1323.11,70.04190063476562,Call.SWTH,84.73197221755981,Passeriformes,99.99494552612305,Turdidae,98.91652464866638,SWTH,84.73197221755981
1323.7,99.98999786376953,Call.Turdidae,98.07215332984924,Passeriformes,99.04330968856812,Turdidae,98.07215332984924,OTHE,92.40541756153107
1331.06,50.53562545776367,Call.SWTH,88.8907253742218,Passeriformes,99.81905221939087,Turdidae,99.83097314834595,SWTH,88.8907253742218
1347.19,99.98999786376953,Call.Turdidae,80.02520799636841,Passeriformes,90.61380624771118,Turdidae,80.02520799636841,OTHE,99.80731308460236
1368.85,59.51420974731445,Call.Turdidae,54.33052182197571,Passeriformes,80.56830167770386,Turdidae,54.33052182197571,OTHE,99.85840618610382
1381.14,63.12628173828125,Call.Turdidae,87.77450919151306,Passeriformes,98.92957210540771,Turdidae,87.77450919151306,OTHE,95.81256210803986
1416.02,50.49405288696289,Call.SWTH,59.96476411819458,Passeriformes,99.84930753707886,Turdidae,99.68652725219727,SWTH,59.96476411819458
1416.12,59.31516647338867,Call.SWTH,99.69079494476318,Passeriformes,99.99397397041321,Turdidae,99.96315240859985,SWTH,99.69079494476318
1423.13,53.778831481933594,Call.Passeriformes,99.96771812438965,Passeriformes,99.96771812438965,other,78.41784954071045,OTHE,78.41784954071045
1431.02,99.98999786376953,Call.CHSP,59.410226345062256,Passeriformes,99.9211072921753,Passerellidae,92.57606267929077,CHSP,59.410226345062256
1457.71,57.61278533935547,Call.Passerellidae,77.65686511993408,Passeriformes,99.96964931488037,Passerellidae,77.65686511993408,OTHE,90.51235616207123
1523.93,61.31456756591797,Call.Turdidae,63.31818699836731,Passeriformes,97.28829860687256,Turdidae,63.31818699836731,OTHE,98.92501831054688
1528.62,51.2478141784668,Call.Turdidae,86.43828630447388,Passeriformes,99.34402704238892,Turdidae,86.43828630447388,OTHE,98.55824112892151
1544.46,60.12919616699219,Call.Turdidae,97.70251512527466,Passeriformes,99.93230104446411,Turdidae,97.70251512527466,OTHE,97.32997715473175
1560.05,99.98999786376953,Call.Passerellidae,72.06385135650635,Passeriformes,99.96728897094727,Passerellidae,72.06385135650635,OTHE,94.94198262691498
1560.69,59.71406555175781,Call.Parulidae,83.11220407485962,Passeriformes,98.69287014007568,Parulidae,83.11220407485962,OTHE,94.34715807437897
1619.21,63.729827880859375,Call.Turdidae,76.1512041091919,Passeriformes,96.04318141937256,Turdidae,76.1512041091919,OTHE,88.2672369480133
1665.69,60.246238708496094,Call.Turdidae,78.57022881507874,Passeriformes,99.7771143913269,Turdidae,78.57022881507874,OTHE,99.84325468540192
1665.79,66.77671813964844,Call.Turdidae,95.00328302383423,Passeriformes,99.99353885650635,Turdidae,95.00328302383423,OTHE,98.80833029747009
1681.19,59.47874450683594,Call.Turdidae,99.12689924240112,Passeriformes,99.95282292366028,Turdidae,99.12689924240112,OTHE,98.51504564285278
1683.85,56.002784729003906,Call.Turdidae,92.38688945770264,Passeriformes,98.8547146320343,Turdidae,92.38688945770264,OTHE,98.48516881465912
1691.55,53.11214828491211,Call.Turdidae,99.57579970359802,Passeriformes,99.42609071731567,Turdidae,99.57579970359802,OTHE,90.53487777709961
1705.27,57.951202392578125,Call.Turdidae,91.24070405960083,Passeriformes,99.4466483592987,Turdidae,91.24070405960083,OTHE,93.44063699245453
1705.36,53.488075256347656,Call.SWTH,99.41372275352478,Passeriformes,99.9950647354126,Turdidae,99.84254837036133,SWTH,99.41372275352478
1710.4,61.07275390625,Call.Turdidae,54.41533327102661,Passeriformes,95.37560939788818,Turdidae,54.41533327102661,OTHE,99.60151612758636
1717.21,51.5413818359375,Call.Passerellidae,92.47596263885498,Passeriformes,97.88579940795898,Passerellidae,92.47596263885498,OTHE,89.91055488586426
1720.27,57.56761932373047,Call.Passeriformes,99.96099472045898,Passeriformes,99.96099472045898,other,63.036543130874634,OTHE,63.036543130874634
1721.55,59.11283874511719,Call.Turdidae,99.06641244888306,Passeriformes,99.55698251724243,Turdidae,99.06641244888306,OTHE,95.1103538274765
1727.07,99.98999786376953,Call.Turdidae,68.53598952293396,Passeriformes,99.99719858169556,Turdidae,68.53598952293396,OTHE,98.92295897006989
1734.23,57.600425720214844,Call.Turdidae,97.65982031822205,Passeriformes,99.93664026260376,Turdidae,97.65982031822205,OTHE,97.74589538574219
1738.42,60.04022979736328,Call.Turdidae,83.54276418685913,Passeriformes,99.52996373176575,Turdidae,83.54276418685913,OTHE,99.4716614484787
1739.95,51.63435745239258,Call.Turdidae,96.69255018234253,Passeriformes,99.2496907711029,Turdidae,96.69255018234253,OTHE,86.45101487636566
1748.64,63.038543701171875,Call.Turdidae,98.76322746276855,Passeriformes,96.63277864456177,Turdidae,98.76322746276855,OTHE,88.81842494010925
1753.37,51.08818054199219,Call.Turdidae,90.13878107070923,Passeriformes,99.9659538269043,Turdidae,90.13878107070923,OTHE,99.46635365486145
1753.72,63.812225341796875,Call.Turdidae,92.34213829040527,Passeriformes,99.94586706161499,Turdidae,92.34213829040527,OTHE,95.59473693370819
1757.03,58.89779281616211,Call.Turdidae,96.52497172355652,Passeriformes,99.19385313987732,Turdidae,96.52497172355652,OTHE,97.98257946968079
1785.0,70.79759216308594,Call.Turdidae,93.27048659324646,Passeriformes,99.3577241897583,Turdidae,93.27048659324646,OTHE,92.05138981342316
1785.79,64.51679229736328,Call.Passerellidae,71.78761959075928,Passeriformes,98.68942499160767,Passerellidae,71.78761959075928,OTHE,89.82127606868744
1792.01,52.11944580078125,Call.Turdidae,99.84714984893799,Passeriformes,99.13308620452881,Turdidae,99.84714984893799,OTHE,88.69052231311798
1793.14,99.98999786376953,Call.Turdidae,52.37908363342285,Passeriformes,99.93224740028381,Turdidae,52.37908363342285,OTHE,99.1729199886322
1795.81,54.136260986328125,Call.Turdidae,99.38598275184631,Passeriformes,99.77977275848389,Turdidae,99.38598275184631,OTHE,90.07938504219055
1795.91,61.44664001464844,Call.SWTH,63.148003816604614,Passeriformes,99.9598503112793,Turdidae,95.15218138694763,SWTH,63.148003816604614
1796.8,77.504150390625,Call.Passeriformes,99.81447458267212,Passeriformes,99.81447458267212,other,65.13273119926453,OTHE,65.13273119926453
1798.23,60.08080291748047,Call.Turdidae,73.82419109344482,Passeriformes,94.29762363433838,Turdidae,73.82419109344482,OTHE,97.82809615135193
1804.59,64.58905792236328,Call.Passeriformes,99.95054006576538,Passeriformes,99.95054006576538,other,78.35080027580261,OTHE,78.35080027580261
1806.46,63.30491638183594,Call.Turdidae,99.79814291000366,Passeriformes,99.92924928665161,Turdidae,99.79814291000366,OTHE,73.79924952983856
1812.88,71.29246520996094,Call.Passeriformes,96.84412479400635,Passeriformes,96.84412479400635,other,72.33038544654846,OTHE,72.33038544654846
1814.06,99.98999786376953,Call.Turdidae,79.91198301315308,Passeriformes,98.30950498580933,Turdidae,79.91198301315308,OTHE,99.32635128498077
1818.01,66.80433654785156,Call.Turdidae,99.60736036300659,Passeriformes,73.70158433914185,Turdidae,99.60736036300659,OTHE,95.95958590507507
1822.35,63.17078399658203,Call.Turdidae,99.89847540855408,Passeriformes,99.99083280563354,Turdidae,99.89847540855408,OTHE,80.95893263816833
1823.59,62.60466003417969,Call.Turdidae,99.20891523361206,Passeriformes,97.58484363555908,Turdidae,99.20891523361206,OTHE,95.51835358142853
1831.58,99.98999786376953,Call.Turdidae,93.2405948638916,Passeriformes,85.86289882659912,Turdidae,93.2405948638916,OTHE,99.48706328868866
1834.64,51.170772552490234,Call.Turdidae,99.82361793518066,Passeriformes,99.6894359588623,Turdidae,99.82361793518066,OTHE,95.32719254493713
1836.27,51.905609130859375,Call.SWTH,81.59714937210083,Passeriformes,99.15282726287842,Turdidae,99.98447895050049,SWTH,81.59714937210083
1849.19,77.12605285644531,Call.Turdidae,98.30852746963501,Passeriformes,99.25498366355896,Turdidae,98.30852746963501,OTHE,98.04607033729553
1850.77,77.17108154296875,Call.Turdidae,61.2165629863739,Passeriformes,99.96294975280762,Turdidae,61.2165629863739,OTHE,99.67681467533112
1852.2,61.68334197998047,Call.Passeriformes,99.99597072601318,Passeriformes,99.99597072601318,other,58.263176679611206,OTHE,58.263176679611206
1852.99,75.23681640625,Call.Passeriformes,98.97951483726501,Passeriformes,98.97951483726501,other,63.415294885635376,OTHE,63.415294885635376
1861.97,99.98999786376953,Call.Turdidae,97.88609147071838,Passeriformes,99.51788783073425,Turdidae,97.88609147071838,OTHE,96.72848880290985
1872.19,63.58747863769531,Call.Passeriformes,99.93693828582764,Passeriformes,99.93693828582764,other,69.97418999671936,OTHE,69.97418999671936
1876.28,56.45589065551758,Call.Turdidae,74.82571601867676,Passeriformes,99.98855590820312,Turdidae,74.82571601867676,OTHE,99.87454116344452
1878.55,71.60812377929688,Call.Passeriformes,56.99661374092102,Passeriformes,56.99661374092102,other,54.2353630065918,OTHE,54.2353630065918
1893.5,60.5194091796875,Call.Turdidae,85.99447011947632,Passeriformes,88.52914571762085,Turdidae,85.99447011947632,OTHE,99.79833364486694
1899.47,99.98999786376953,Call.Turdidae,99.52232241630554,Passeriformes,96.13441228866577,Turdidae,99.52232241630554,OTHE,98.91785979270935
1936.78,67.30093383789062,Call.Turdidae,93.23901534080505,Passeriformes,99.9659538269043,Turdidae,93.23901534080505,OTHE,86.94315254688263
1954.64,53.26371383666992,Call.Turdidae,99.74478483200073,Passeriformes,99.76125955581665,Turdidae,99.74478483200073,OTHE,81.32883012294769
1964.46,99.98999786376953,Call.Turdidae,73.8136887550354,Passeriformes,99.99361634254456,Turdidae,73.8136887550354,OTHE,98.37153553962708
1967.81,61.40406799316406,Call.Passerellidae,79.20418381690979,Passeriformes,98.37247729301453,Passerellidae,79.20418381690979,OTHE,74.24344420433044
1978.37,62.177459716796875,Call.Turdidae,85.42553186416626,Passeriformes,99.97074604034424,Turdidae,85.42553186416626,OTHE,99.66319799423218
1979.51,59.11431884765625,Call.Turdidae,87.49206066131592,Passeriformes,99.90248084068298,Turdidae,87.49206066131592,OTHE,99.40781891345978
2008.42,57.98492431640625,Call.Turdidae,99.93072152137756,Passeriformes,99.63504672050476,Turdidae,99.93072152137756,OTHE,91.41175746917725
2009.46,59.77452087402344,Call.Passeriformes,98.95755052566528,Passeriformes,98.95755052566528,other,53.62091064453125,OTHE,53.62091064453125
2018.24,50.05816650390625,Call.Passeriformes,99.46796894073486,Passeriformes,99.46796894073486,other,50.49005150794983,OTHE,50.49005150794983
2021.4,63.47981262207031,Call.Turdidae,73.44015836715698,Passeriformes,99.71606731414795,Turdidae,73.44015836715698,OTHE,97.31278419494629
2026.04,64.20427703857422,Call.Turdidae,86.19287014007568,Passeriformes,99.9574363231659,Turdidae,86.19287014007568,OTHE,97.09259271621704
2038.67,58.48683166503906,Call.Passerellidae,89.46671485900879,Passeriformes,99.90074634552002,Passerellidae,89.46671485900879,OTHE,61.67386770248413
2047.16,55.285545349121094,Call.Turdidae,96.94812297821045,Passeriformes,51.64526700973511,Turdidae,96.94812297821045,OTHE,98.44337701797485
2048.49,63.41078186035156,Call.Turdidae,99.5998740196228,Passeriformes,99.96031522750854,Turdidae,99.5998740196228,OTHE,81.50560259819031
2048.69,53.72970199584961,Call.Turdidae,99.72496628761292,Passeriformes,99.99955892562866,Turdidae,99.72496628761292,OTHE,95.723095536232
2052.44,62.118553161621094,Call.Turdidae,99.33528900146484,Passeriformes,98.42354655265808,Turdidae,99.33528900146484,OTHE,88.9754593372345
2057.91,99.98999786376953,Call.Turdidae,75.01310706138611,Passeriformes,99.97103810310364,Turdidae,75.01310706138611,OTHE,94.53646242618561
2089.54,60.639320373535156,Call.Turdidae,92.95922517776489,Passeriformes,99.25568103790283,Turdidae,92.95922517776489,OTHE,98.61426651477814
2101.53,66.34135437011719,Call.Turdidae,96.11122608184814,Passeriformes,99.94717240333557,Turdidae,96.11122608184814,OTHE,99.13966059684753
2106.12,50.02019119262695,Call.Turdidae,88.56806755065918,Passeriformes,98.73296022415161,Turdidae,88.56806755065918,OTHE,99.58719313144684
2109.62,99.98999786376953,Call.Turdidae,64.15203809738159,Passeriformes,99.84917640686035,Turdidae,64.15203809738159,OTHE,94.01709139347076
2126.3,63.854522705078125,Call.Turdidae,74.63822364807129,Passeriformes,90.31752347946167,Turdidae,74.63822364807129,OTHE,97.0492959022522
2135.18,57.54489517211914,Call.Turdidae,99.51255321502686,Passeriformes,99.93969798088074,Turdidae,99.51255321502686,OTHE,91.79233610630035
2136.42,80.48887634277344,Call.Turdidae,86.6268515586853,Passeriformes,71.49974703788757,Turdidae,86.6268515586853,OTHE,99.5243787765503
2139.48,77.77725219726562,Call.Turdidae,95.59473991394043,Passeriformes,99.99727010726929,Turdidae,95.59473991394043,OTHE,88.80692720413208
2141.79,61.52775573730469,Call.Turdidae,99.8380720615387,Passeriformes,99.96564984321594,Turdidae,99.8380720615387,OTHE,89.80620205402374
2142.88,56.67597961425781,Call.Passeriformes,98.78467917442322,Passeriformes,98.78467917442322,other,61.12550497055054,OTHE,61.12550497055054
2143.37,68.41409301757812,Call.SWTH,79.06882762908936,Passeriformes,99.87648725509644,Turdidae,99.57383871078491,SWTH,79.06882762908936
2143.87,60.182403564453125,Call.Passerellidae,96.25022411346436,Passeriformes,99.99130368232727,Passerellidae,96.25022411346436,OTHE,67.00686514377594
2145.54,63.11839294433594,Call.Turdidae,99.91825819015503,Passeriformes,99.71008896827698,Turdidae,99.91825819015503,OTHE,74.02738928794861
2151.02,51.15464401245117,Call.Turdidae,99.54922199249268,Passeriformes,99.9289333820343,Turdidae,99.54922199249268,OTHE,97.41522073745728
2152.3,55.56956481933594,Call.Passeriformes,99.94664192199707,Passeriformes,99.94664192199707,other,82.37048387527466,OTHE,82.37048387527466
2155.07,99.98999786376953,Call.Turdidae,97.81999588012695,Passeriformes,99.99021291732788,Turdidae,97.81999588012695,OTHE,88.80563676357269
2155.76,57.926944732666016,Call.Turdidae,94.17532682418823,Passeriformes,99.98934268951416,Turdidae,94.17532682418823,OTHE,99.291330575943
2159.85,99.98999786376953,Call.Turdidae,97.93009757995605,Passeriformes,99.82017874717712,Turdidae,97.93009757995605,OTHE,72.16300368309021
2161.43,99.98999786376953,Call.Turdidae,97.20033407211304,Passeriformes,99.99388456344604,Turdidae,97.20033407211304,OTHE,97.55397140979767
2163.31,80.96479797363281,Call.Passerellidae,80.29956817626953,Passeriformes,99.90618228912354,Passerellidae,80.29956817626953,OTHE,79.818594455719
2164.44,99.98999786376953,Call.Turdidae,99.93196725845337,Passeriformes,99.97460842132568,Turdidae,99.93196725845337,OTHE,59.04662609100342
2166.32,70.77302551269531,Call.Parulidae,82.13489055633545,Passeriformes,99.99985694885254,Parulidae,82.13489055633545,OTHE,93.89391243457794
2174.85,71.57206726074219,Call.Turdidae,99.34759736061096,Passeriformes,99.917072057724,Turdidae,99.34759736061096,OTHE,96.31120264530182
2175.89,62.82185363769531,Call.Turdidae,84.22462940216064,Passeriformes,98.83677959442139,Turdidae,84.22462940216064,OTHE,96.02502882480621
2181.27,57.754791259765625,Call.Turdidae,98.35137128829956,Passeriformes,98.89578223228455,Turdidae,98.35137128829956,OTHE,75.52894651889801
2199.77,54.887901306152344,Call.Passeriformes,99.47319030761719,Passeriformes,99.47319030761719,other,65.4272198677063,OTHE,65.4272198677063
2215.27,64.25550079345703,Call.Turdidae,99.91757869720459,Passeriformes,99.95865821838379,Turdidae,99.91757869720459,OTHE,66.3550615310669
2224.69,79.95573425292969,Call.Turdidae,96.7926025390625,Passeriformes,99.98245239257812,Turdidae,96.7926025390625,OTHE,98.64937365055084
2254.74,65.13249206542969,Call.WTSP,57.405173778533936,Passeriformes,99.60497617721558,Passerellidae,94.1561222076416,WTSP,57.405173778533936
2273.14,56.74563217163086,Call.Passerellidae,73.29553961753845,Passeriformes,99.93656277656555,Passerellidae,73.29553961753845,OTHE,61.21015548706055
2284.89,83.45037841796875,Call.Passeriformes,97.10766077041626,Passeriformes,97.10766077041626,other,92.31098890304565,OTHE,92.31098890304565
2299.49,50.17589569091797,Call.Turdidae,93.35248470306396,Passeriformes,99.92830753326416,Turdidae,93.35248470306396,OTHE,99.2580384016037
2302.45,54.56330871582031,Call.Turdidae,65.59250354766846,Passeriformes,99.9390959739685,Turdidae,65.59250354766846,OTHE,99.29533302783966
2311.18,99.98999786376953,,,other,89.78447616100311,other,89.78447616100311,OTHE,89.78447616100311
2319.87,51.41393280029297,Call.Passeriformes,98.35196733474731,Passeriformes,98.35196733474731,other,71.70526385307312,OTHE,71.70526385307312
2323.72,57.07343292236328,Call.Turdidae,98.16529750823975,Passeriformes,97.63774871826172,Turdidae,98.16529750823975,OTHE,98.4284371137619
2341.48,99.98999786376953,Call.Turdidae,92.84478425979614,Passeriformes,99.51042532920837,Turdidae,92.84478425979614,OTHE,99.59720373153687
2346.17,63.79962158203125,Call.Passeriformes,99.46671724319458,Passeriformes,99.46671724319458,other,70.77940106391907,OTHE,70.77940106391907
2362.45,64.5054931640625,Call.Passerellidae,57.493072748184204,Passeriformes,55.2861213684082,Passerellidae,57.493072748184204,OTHE,70.10183334350586
2390.92,64.61593627929688,Call.Turdidae,99.81735944747925,Passeriformes,98.42047691345215,Turdidae,99.81735944747925,OTHE,97.82569408416748
2405.13,63.156982421875,Call.Turdidae,99.16236400604248,Passeriformes,99.61585998535156,Turdidae,99.16236400604248,OTHE,90.86713790893555
2409.67,52.16350173950195,Call.Parulidae,54.86500263214111,Passeriformes,99.89792108535767,Parulidae,54.86500263214111,OTHE,97.51505553722382
2413.03,67.27810668945312,Call.Turdidae,97.76892066001892,Passeriformes,98.40779304504395,Turdidae,97.76892066001892,OTHE,92.38707721233368
2423.34,99.98999786376953,Call.Turdidae,91.26390218734741,Passeriformes,95.50999402999878,Turdidae,91.26390218734741,OTHE,97.79094755649567
2423.59,75.11225891113281,Call.Turdidae,98.71256947517395,Passeriformes,99.98949766159058,Turdidae,98.71256947517395,OTHE,97.33095169067383
2432.96,99.98999786376953,Call.Passerellidae,54.74364161491394,Passeriformes,99.8208999633789,Passerellidae,54.74364161491394,OTHE,87.91416883468628
2438.34,51.383056640625,Call.GCTH,79.90015745162964,Passeriformes,99.97255802154541,Turdidae,99.89787340164185,GCTH,79.90015745162964
2443.22,64.62107849121094,Call.Turdidae,98.70154857635498,Passeriformes,99.91061687469482,Turdidae,98.70154857635498,OTHE,98.49517941474915
2447.22,89.13677978515625,Call.Passerellidae,94.81866955757141,Passeriformes,99.62462782859802,Passerellidae,94.81866955757141,OTHE,82.41777718067169
2468.34,55.477447509765625,Call.Passerellidae,63.88062834739685,Passeriformes,99.8674988746643,Passerellidae,63.88062834739685,OTHE,89.76526856422424
2476.33,57.41605758666992,Call.Turdidae,96.75064086914062,Passeriformes,97.90186285972595,Turdidae,96.75064086914062,OTHE,97.0757782459259
2478.36,53.2387580871582,Call.Passerellidae,95.85918188095093,Passeriformes,96.32821083068848,Passerellidae,95.85918188095093,OTHE,76.65363550186157
2479.24,61.815284729003906,Call.Turdidae,99.82092380523682,Passeriformes,99.30930137634277,Turdidae,99.82092380523682,OTHE,68.23602318763733
2494.15,62.85535430908203,Call.Passerellidae,98.05811047554016,Passeriformes,99.85383749008179,Passerellidae,98.05811047554016,OTHE,63.092076778411865
2521.53,85.25907897949219,Call.Turdidae,88.19844722747803,Passeriformes,98.70745539665222,Turdidae,88.19844722747803,OTHE,99.33484494686127
2576.7,61.725563049316406,Call.Parulidae,62.04046607017517,Passeriformes,92.98551082611084,Parulidae,62.04046607017517,OTHE,98.36286902427673
2582.47,63.748992919921875,Call.Passeriformes,95.30704021453857,Passeriformes,95.30704021453857,other,54.56192493438721,OTHE,54.56192493438721
2586.81,58.39090347290039,Call.ATSP,56.16163611412048,Passeriformes,83.38875770568848,Passerellidae,89.28215503692627,ATSP,56.16163611412048
2625.55,64.92988586425781,Call.Passeriformes,99.45398569107056,Passeriformes,99.45398569107056,other,86.96212768554688,OTHE,86.96212768554688
2637.68,62.114532470703125,Call.Turdidae,92.10391044616699,Passeriformes,99.99964237213135,Turdidae,92.10391044616699,OTHE,92.2773003578186
2661.96,50.74921417236328,Call.Turdidae,73.88142347335815,Passeriformes,99.58006739616394,Turdidae,73.88142347335815,OTHE,99.70530271530151
2662.65,61.029296875,Call.Turdidae,97.96881675720215,Passeriformes,99.83950853347778,Turdidae,97.96881675720215,OTHE,98.36096465587616
2676.02,53.88352966308594,Call.Turdidae,95.30924558639526,Passeriformes,99.19543862342834,Turdidae,95.30924558639526,OTHE,98.20164144039154
2684.76,51.9005241394043,Call.Turdidae,99.9640941619873,Passeriformes,99.99719262123108,Turdidae,99.9640941619873,OTHE,56.158554553985596
2688.21,63.742767333984375,Call.Turdidae,74.93188381195068,Passeriformes,99.65957999229431,Turdidae,74.93188381195068,OTHE,99.52851235866547
2689.74,57.62506866455078,Call.Turdidae,84.02431011199951,Passeriformes,98.67613315582275,Turdidae,84.02431011199951,OTHE,99.42922294139862
2693.49,56.70304870605469,Call.Turdidae,80.08143901824951,Passeriformes,99.71897006034851,Turdidae,80.08143901824951,OTHE,98.88429343700409
2702.22,58.20615005493164,Call.Passerellidae,53.187137842178345,Passeriformes,99.93045926094055,Passerellidae,53.187137842178345,OTHE,83.45057368278503
2711.35,63.422882080078125,Call.WTSP,73.51340651512146,Passeriformes,99.50026273727417,Passerellidae,99.98500347137451,WTSP,73.51340651512146
2719.88,58.114532470703125,Call.Turdidae,98.00233840942383,Passeriformes,99.99397993087769,Turdidae,98.00233840942383,OTHE,87.66126334667206
2721.37,61.658103942871094,Call.Turdidae,85.20736694335938,Passeriformes,99.38604235649109,Turdidae,85.20736694335938,OTHE,98.9599883556366
2725.56,61.545928955078125,Call.Turdidae,75.3879964351654,Passeriformes,99.99580383300781,Turdidae,75.3879964351654,OTHE,96.23492062091827
2744.95,99.98999786376953,Call.WTSP,81.40815496444702,Passeriformes,99.8150110244751,Passerellidae,99.61583614349365,WTSP,81.40815496444702
2747.22,57.341426849365234,Call.Passerellidae,87.29500770568848,Passeriformes,99.99666810035706,Passerellidae,87.29500770568848,OTHE,55.53404986858368
2755.16,53.80561828613281,Call.Turdidae,91.29937291145325,Passeriformes,99.99778270721436,Turdidae,91.29937291145325,OTHE,95.46556174755096
2768.14,55.7569465637207,Call.Turdidae,95.2954649925232,Passeriformes,86.02316379547119,Turdidae,95.2954649925232,OTHE,98.50800037384033
2778.55,65.6845703125,Call.Turdidae,94.72377300262451,Passeriformes,99.6242344379425,Turdidae,94.72377300262451,OTHE,99.15476441383362
2807.07,53.55987548828125,Call.Turdidae,76.63448452949524,Passeriformes,96.40862345695496,Turdidae,76.63448452949524,OTHE,99.76748526096344
2827.11,58.65868377685547,Call.Turdidae,99.06349182128906,Passeriformes,99.84005093574524,Turdidae,99.06349182128906,OTHE,96.2401270866394
2830.41,60.91978454589844,,,other,73.00494909286499,other,73.00494909286499,OTHE,73.00494909286499
2867.81,54.75751495361328,Call.Turdidae,68.85865926742554,Passeriformes,99.99948740005493,Turdidae,68.85865926742554,OTHE,99.43490028381348
2883.46,99.98999786376953,Call.Turdidae,94.94432210922241,Passeriformes,99.73586201667786,Turdidae,94.94432210922241,OTHE,98.31666350364685
2903.04,66.14080810546875,Call.Turdidae,94.06753778457642,Passeriformes,94.88762617111206,Turdidae,94.06753778457642,OTHE,99.61752891540527
2913.85,50.29206085205078,Call.Turdidae,90.93446135520935,Passeriformes,99.92077350616455,Turdidae,90.93446135520935,OTHE,95.18193900585175
2924.36,63.525718688964844,Call.Turdidae,90.50549268722534,Passeriformes,97.1736192703247,Turdidae,90.50549268722534,OTHE,99.44062232971191
2931.22,65.7303466796875,Call.Turdidae,94.16829347610474,Passeriformes,99.6123194694519,Turdidae,94.16829347610474,OTHE,99.2478758096695
2953.42,52.62553405761719,Call.Turdidae,79.69326972961426,Passeriformes,99.82737302780151,Turdidae,79.69326972961426,OTHE,99.68939125537872
2956.28,64.83685302734375,,,other,86.49158775806427,other,86.49158775806427,OTHE,86.49158775806427
2958.8,74.36883544921875,Call.Turdidae,95.3031063079834,Passeriformes,95.64592838287354,Turdidae,95.3031063079834,OTHE,99.48627948760986
2959.0,53.82511901855469,Call.Turdidae,92.2131896018982,Passeriformes,99.9781847000122,Turdidae,92.2131896018982,OTHE,64.30273950099945
2959.84,52.339534759521484,Call.SWTH,63.12517523765564,Passeriformes,99.92191195487976,Turdidae,99.70338344573975,SWTH,63.12517523765564
2961.66,64.05473327636719,,,other,55.678144097328186,other,55.678144097328186,OTHE,55.678144097328186
2978.74,56.93017578125,Call.Passeriformes,99.655020236969,Passeriformes,99.655020236969,other,83.82623791694641,OTHE,83.82623791694641
3032.77,64.51600646972656,Call.Turdidae,97.91937470436096,Passeriformes,99.5599627494812,Turdidae,97.91937470436096,OTHE,94.28487122058868
3043.37,52.94104766845703,Call.Turdidae,92.92700290679932,Passeriformes,99.99873042106628,Turdidae,92.92700290679932,OTHE,99.47419464588165
3046.68,70.83827209472656,Call.Turdidae,54.474979639053345,Passeriformes,99.60070848464966,Turdidae,54.474979639053345,OTHE,99.73880350589752
3049.49,52.62609100341797,Call.Parulidae,93.31690073013306,Passeriformes,99.9948799610138,Parulidae,93.31690073013306,OTHE,98.17635118961334
3050.97,60.623077392578125,Call.Turdidae,97.11883068084717,Passeriformes,99.99138116836548,Turdidae,97.11883068084717,OTHE,99.44907128810883
3052.8,64.1971206665039,Call.Turdidae,59.405362606048584,Passeriformes,99.99327063560486,Turdidae,59.405362606048584,OTHE,98.97896647453308
3054.87,62.146812438964844,Call.Turdidae,85.64192652702332,Passeriformes,98.10999631881714,Turdidae,85.64192652702332,OTHE,53.3366322517395
3062.72,99.98999786376953,Call.Turdidae,98.69396686553955,Passeriformes,92.41973161697388,Turdidae,98.69396686553955,OTHE,94.00537014007568
3070.02,61.44941711425781,Call.Turdidae,85.08787751197815,Passeriformes,98.24613928794861,Turdidae,85.08787751197815,OTHE,99.44495260715485
3072.44,59.578853607177734,Call.Turdidae,97.2010850906372,Passeriformes,59.8680853843689,Turdidae,97.2010850906372,OTHE,93.77537965774536
3073.32,66.18333435058594,Call.Passeriformes,99.76869225502014,Passeriformes,99.76869225502014,other,61.785727739334106,OTHE,61.785727739334106
3086.6,56.75112533569336,Call.SWTH,66.25385284423828,Passeriformes,99.55418109893799,Turdidae,99.81005191802979,SWTH,66.25385284423828
3087.34,73.25157165527344,Call.Turdidae,68.3420479297638,Passeriformes,98.76055121421814,Turdidae,68.3420479297638,OTHE,99.82092380523682
3088.92,99.98999786376953,Call.Turdidae,99.23725128173828,Passeriformes,99.83155727386475,Turdidae,99.23725128173828,OTHE,90.34261107444763
3101.01,57.14817810058594,Call.Turdidae,89.78382349014282,Passeriformes,99.98852610588074,Turdidae,89.78382349014282,OTHE,97.60628938674927
3104.46,50.15477752685547,Call.Turdidae,97.97738790512085,Passeriformes,99.96628761291504,Turdidae,97.97738790512085,OTHE,84.77314412593842
3104.76,63.68488311767578,Call.Turdidae,99.19154047966003,Passeriformes,99.99966621398926,Turdidae,99.19154047966003,OTHE,90.33305048942566
3110.68,99.98999786376953,Call.Passerellidae,97.89451956748962,Passeriformes,99.98467564582825,Passerellidae,97.89451956748962,OTHE,70.6304669380188
3111.91,57.516937255859375,Call.Passeriformes,99.7581958770752,Passeriformes,99.7581958770752,other,77.723628282547,OTHE,77.723628282547
3117.63,63.555755615234375,Call.Turdidae,99.36962723731995,Passeriformes,97.6202666759491,Turdidae,99.36962723731995,OTHE,88.62306773662567
3120.69,64.366943359375,Call.Turdidae,99.6120810508728,Passeriformes,99.95817542076111,Turdidae,99.6120810508728,OTHE,58.93166363239288
3121.09,56.54119873046875,Call.Turdidae,98.63450527191162,Passeriformes,99.99879598617554,Turdidae,98.63450527191162,OTHE,96.6115802526474
3126.22,74.02439880371094,Call.Turdidae,99.95757341384888,Passeriformes,99.99407529830933,Turdidae,99.95757341384888,OTHE,70.79662680625916
3127.21,56.978919982910156,Call.Turdidae,91.39577746391296,Passeriformes,99.9077320098877,Turdidae,91.39577746391296,OTHE,99.36882257461548
3135.4,53.674110412597656,Call.Turdidae,80.40333986282349,Passeriformes,98.95182847976685,Turdidae,80.40333986282349,OTHE,60.490089654922485
3143.88,57.48240280151367,Call.Turdidae,99.75697994232178,Passeriformes,99.84915256500244,Turdidae,99.75697994232178,OTHE,72.43607342243195
3146.99,54.77280807495117,Call.Passeriformes,97.14252948760986,Passeriformes,97.14252948760986,other,59.165823459625244,OTHE,59.165823459625244
3148.97,99.98999786376953,Call.Turdidae,70.52693367004395,Passeriformes,95.2144980430603,Turdidae,70.52693367004395,OTHE,99.85224306583405
3151.18,70.47172546386719,Call.Turdidae,97.4271833896637,Passeriformes,99.33320879936218,Turdidae,97.4271833896637,OTHE,69.6582555770874
3152.86,93.30068969726562,Call.Parulidae,63.95501494407654,Passeriformes,71.90523743629456,Parulidae,63.95501494407654,OTHE,99.82843101024628
3159.52,58.90815353393555,Call.Turdidae,83.30564498901367,Passeriformes,97.4401593208313,Turdidae,83.30564498901367,OTHE,98.8383024930954
3182.66,58.416786193847656,Call.Passerellidae,82.58823156356812,Passeriformes,99.66950416564941,Passerellidae,82.58823156356812,OTHE,66.36506915092468
3200.87,99.98999786376953,Call.Passerellidae,67.96996593475342,Passeriformes,99.69183206558228,Passerellidae,67.96996593475342,OTHE,94.17926371097565
3205.66,60.836395263671875,Call.Turdidae,93.24039220809937,Passeriformes,99.48345422744751,Turdidae,93.24039220809937,OTHE,98.35600554943085
3217.65,99.98999786376953,Call.Turdidae,97.43160009384155,Passeriformes,92.52084493637085,Turdidae,97.43160009384155,OTHE,95.93806564807892
3219.33,58.752716064453125,Call.Turdidae,96.59239053726196,Passeriformes,99.92990493774414,Turdidae,96.59239053726196,OTHE,97.96675741672516
3224.26,52.15225601196289,Call.Turdidae,99.86804723739624,Passeriformes,99.90435838699341,Turdidae,99.86804723739624,OTHE,93.34261417388916
3231.81,58.24687576293945,Call.Turdidae,70.21979093551636,Passeriformes,78.59623432159424,Turdidae,70.21979093551636,OTHE,99.20801818370819
3235.02,56.31938934326172,Call.Turdidae,95.48020362854004,Passeriformes,99.56704378128052,Turdidae,95.48020362854004,OTHE,98.61337840557098
3308.04,54.04779052734375,Call.SWTH,60.33070683479309,Passeriformes,99.86947774887085,Turdidae,99.67008233070374,SWTH,60.33070683479309
3322.7,61.54657745361328,Call.Turdidae,95.7575261592865,Passeriformes,70.87273597717285,Turdidae,95.7575261592865,OTHE,98.86118471622467
3325.21,66.20619201660156,Call.Turdidae,97.97895550727844,Passeriformes,99.98228549957275,Turdidae,97.97895550727844,OTHE,90.07568061351776
3328.08,54.08922576904297,Call.SWTH,98.36647510528564,Passeriformes,91.43861532211304,Turdidae,99.98060464859009,SWTH,98.36647510528564
3345.94,61.6929931640625,Call.Turdidae,60.78001260757446,Passeriformes,99.99018907546997,Turdidae,60.78001260757446,OTHE,98.27841818332672
3359.61,99.98999786376953,Call.Turdidae,74.67719912528992,Passeriformes,99.99114274978638,Turdidae,74.67719912528992,OTHE,87.57017850875854
3372.14,61.444984436035156,Call.WTSP,55.42865991592407,Passeriformes,99.91214275360107,Passerellidae,99.96326565742493,WTSP,55.42865991592407
3379.1,65.1778564453125,Call.WTSP,74.75987076759338,Passeriformes,99.89205598831177,Passerellidae,99.9889612197876,WTSP,74.75987076759338
3388.72,50.47993469238281,Call.Turdidae,79.39901351928711,Passeriformes,99.93069171905518,Turdidae,79.39901351928711,OTHE,99.49087202548981
3426.47,72.42021179199219,Call.Turdidae,99.34066534042358,Passeriformes,99.6587872505188,Turdidae,99.34066534042358,OTHE,83.82017910480499
3438.21,56.15550231933594,Call.Turdidae,99.99221563339233,Passeriformes,99.98713731765747,Turdidae,99.99221563339233,OTHE,61.086928844451904
3441.27,53.57032775878906,Call.Passerellidae,81.0900330543518,Passeriformes,99.99022483825684,Passerellidae,81.0900330543518,OTHE,92.57338643074036
3482.22,68.13436889648438,Call.SWTH,66.16041660308838,Passeriformes,99.5313286781311,Turdidae,99.76637959480286,SWTH,66.16041660308838
3502.95,58.35332107543945,Call.Parulidae,53.73088717460632,Passeriformes,98.80715608596802,Parulidae,53.73088717460632,OTHE,99.57214295864105
3512.91,65.74505615234375,Call.SWTH,93.94606351852417,Passeriformes,99.83192682266235,Turdidae,99.97061491012573,SWTH,93.94606351852417
3561.12,62.465118408203125,Call.Turdidae,87.38752603530884,Passeriformes,99.98054504394531,Turdidae,87.38752603530884,OTHE,93.06474924087524
