Time (hh:mm:ss),Detection confidence (%),Order,Order confidence (%),Family,Family confidence (%),Species (4-letter code),Species confidence (%)
00:00:04.10,71.13288879394531,Passeriforme,99.97164011001587,Turdidae,98.23925495147705,OTHE,96.0750013589859
00:00:10.02,53.74308395385742,Passeriforme,99.92655515670776,Passerellidae,56.817811727523804,OTHE,92.6369458436966
00:00:19.34,55.65357208251953,Passeriforme,99.98171925544739,Turdidae,83.4731936454773,OTHE,99.2723822593689
00:00:28.37,59.61925506591797,Passeriforme,99.97918009757996,Turdidae,87.23093271255493,OTHE,97.90405631065369
00:00:30.79,64.60102081298828,Passeriforme,97.07775115966797,Turdidae,94.05076503753662,OTHE,98.15201163291931
00:00:33.11,99.98999786376953,Passeriforme,99.99976754188538,Turdidae,95.89106440544128,OTHE,96.06392681598663
00:00:34.93,63.109458923339844,Passeriforme,99.12538528442383,Turdidae,71.44060730934143,OTHE,99.24518465995789
00:00:41.20,62.219635009765625,Passeriforme,99.74579811096191,Turdidae,99.38151240348816,OTHE,52.29875147342682
00:00:50.18,59.287750244140625,Passeriforme,99.84660744667053,other,77.64798402786255,OTHE,77.64798402786255
00:00:50.38,99.98999786376953,Passeriforme,98.69347810745239,Turdidae,87.5406265258789,OTHE,97.91784584522247
00:01:01.63,59.81703186035156,Passeriforme,99.88971948623657,Turdidae,98.10888767242432,OTHE,96.54924869537354
00:01:04.39,66.24612426757812,Passeriforme,99.9458909034729,Turdidae,96.92834615707397,OTHE,88.76751363277435
00:01:16.88,99.98999786376953,Passeriforme,99.96742010116577,Turdidae,99.88582134246826,OTHE,68.60267519950867
00:01:21.27,66.85234069824219,Passeriforme,89.40452337265015,Turdidae,89.27426338195801,OTHE,99.38638806343079
00:01:21.66,51.00382614135742,Passeriforme,99.90338683128357,Turdidae,79.65420484542847,OTHE,98.68115484714508
00:01:26.89,59.644004821777344,Passeriforme,99.70560073852539,Turdidae,93.17114353179932,OTHE,73.89907240867615
00:01:39.38,99.98999786376953,Passeriforme,99.8691976070404,Turdidae,99.62746500968933,OTHE,94.44654285907745
00:01:41.89,61.94822692871094,Passeriforme,99.99991655349731,Passerellidae,99.6590793132782,SAVS,99.68006014823914
00:01:42.53,59.951133728027344,Passeriforme,99.77314472198486,Turdidae,99.87684488296509,GCTH,74.95296001434326
00:01:44.41,99.98999786376953,Passeriforme,99.2268443107605,Turdidae,80.87214827537537,OTHE,99.41429495811462
00:01:45.99,70.11312866210938,Passeriforme,99.98725652694702,Passerellidae,88.17803859710693,OTHE,87.33272552490234
00:01:46.48,51.66779327392578,Passeriforme,99.93263483047485,other,54.84984517097473,OTHE,54.84984517097473
00:01:50.38,65.61817932128906,Passeriforme,99.99946355819702,Turdidae,99.43478107452393,SWTH,78.20934057235718
00:01:51.37,53.969268798828125,Passeriforme,99.97667670249939,Turdidae,86.78544163703918,OTHE,94.32438313961029
00:01:57.78,99.98999786376953,Passeriforme,99.76749420166016,other,50.47975182533264,OTHE,50.47975182533264
00:01:58.27,63.77931213378906,Passeriforme,95.27868032455444,Turdidae,99.9608039855957,OTHE,90.38322567939758
00:02:08.54,58.22488021850586,Passeriforme,91.36010408401489,Turdidae,83.41367244720459,OTHE,92.43946671485901
00:02:10.51,99.98999786376953,Passeriforme,99.99288320541382,Turdidae,91.26389026641846,OTHE,95.64866721630096
00:02:13.22,53.947784423828125,Passeriforme,99.98648166656494,Turdidae,98.86323809623718,OTHE,74.54226016998291
00:02:13.67,63.57707214355469,Passeriforme,99.99659657478333,Turdidae,99.99076724052429,SWTH,64.78071212768555
00:02:24.43,51.56214141845703,Passeriforme,99.97641444206238,Turdidae,99.67080950737,OTHE,79.21856939792633
00:02:25.41,78.66572570800781,Passeriforme,99.66505765914917,Passerellidae,63.51757049560547,OTHE,79.21533286571503
00:02:25.56,71.02583312988281,Passeriforme,97.83449172973633,Turdidae,90.0553822517395,OTHE,96.9616025686264
00:02:28.57,55.280784606933594,Passeriforme,99.47447776794434,Turdidae,98.81702661514282,OTHE,98.84430766105652
00:02:29.85,99.98999786376953,Passeriforme,97.94462323188782,Turdidae,99.76131916046143,SWTH,71.2458610534668
00:02:30.69,99.98999786376953,Passeriforme,99.8259425163269,Turdidae,97.12133407592773,OTHE,96.70147597789764
00:02:31.09,71.50508117675781,Passeriforme,99.99547004699707,Turdidae,99.92974996566772,SWTH,84.7882866859436
00:02:33.85,53.33144760131836,Passeriforme,98.92503023147583,Turdidae,74.24963712692261,OTHE,99.73191618919373
00:02:34.34,99.98999786376953,Passeriforme,99.99989867210388,Turdidae,99.75873231887817,OTHE,86.95516884326935
00:02:34.69,61.6756591796875,Passeriforme,99.99056458473206,Turdidae,99.66402053833008,OTHE,91.67151153087616
00:02:37.01,63.449851989746094,Passeriforme,99.98766779899597,Turdidae,98.75743389129639,OTHE,52.42037773132324
00:02:40.56,57.627105712890625,Passeriforme,99.93231892585754,Turdidae,99.91228580474854,SWTH,79.86425757408142
00:02:41.10,70.79843139648438,Passeriforme,99.58604574203491,Turdidae,86.26455664634705,OTHE,96.88827991485596
00:02:41.84,99.98999786376953,other,72.39636778831482,other,72.39636778831482,OTHE,72.39636778831482
00:02:45.84,99.98999786376953,Passeriforme,99.89411234855652,Turdidae,99.80125427246094,OTHE,98.22953641414642
00:02:46.97,99.98999786376953,Passeriforme,99.92339611053467,Turdidae,93.26342344284058,OTHE,99.10695552825928
00:02:48.36,68.36221313476562,Passeriforme,99.97560381889343,Turdidae,94.36683654785156,OTHE,99.70461428165436
00:02:49.24,61.88224792480469,Passeriforme,98.78941774368286,Parulidae,53.89871001243591,OTHE,99.3029534816742
00:02:49.74,63.932586669921875,Passeriforme,99.46349859237671,Passerellidae,80.53103685379028,OTHE,93.82932782173157
00:02:50.38,59.838890075683594,Passeriforme,99.92525577545166,Turdidae,94.83500719070435,OTHE,99.01353120803833
00:02:51.71,63.84912109375,Passeriforme,99.92434978485107,other,73.27635288238525,OTHE,73.27635288238525
00:02:52.85,51.7841682434082,Passeriforme,93.09048056602478,Turdidae,99.78435635566711,GCTH,56.67724609375
00:02:54.92,57.03846740722656,Passeriforme,98.84920120239258,other,55.3137481212616,OTHE,55.3137481212616
00:02:55.76,99.98999786376953,Passeriforme,72.7860152721405,Turdidae,96.91475629806519,OTHE,97.45178818702698
00:02:56.60,99.98999786376953,Passeriforme,97.06288576126099,Turdidae,78.68033051490784,OTHE,55.3842157125473
00:03:01.93,99.98999786376953,Passeriforme,99.93593096733093,Turdidae,98.50900769233704,OTHE,68.75324547290802
00:03:05.92,64.06730651855469,Passeriforme,99.6894359588623,Turdidae,99.88189339637756,OTHE,89.44030106067657
00:03:07.99,95.01748657226562,Passeriforme,99.9990165233612,Turdidae,95.91602087020874,OTHE,89.18644189834595
00:03:09.82,68.14738464355469,Passeriforme,98.46803545951843,Turdidae,98.32520484924316,OTHE,99.20313358306885
00:03:10.46,99.98999786376953,Passeriforme,99.99133348464966,Turdidae,93.95025968551636,OTHE,88.42177093029022
00:03:10.76,58.25152587890625,Passeriforme,99.97550249099731,Turdidae,99.66715574264526,GCTH,60.578519105911255
00:03:21.56,62.95622253417969,Passeriforme,99.96464848518372,Passerellidae,92.21787452697754,OTHE,71.0782527923584
00:03:28.77,58.94200134277344,Passeriforme,97.33670353889465,Turdidae,98.16648364067078,OTHE,98.83691668510437
00:03:29.31,68.27822875976562,Passeriforme,99.99197721481323,Turdidae,93.39127540588379,OTHE,97.90201485157013
00:03:33.36,99.98999786376953,Passeriforme,99.730384349823,Turdidae,99.73558187484741,OTHE,69.44923400878906
00:03:37.11,52.862953186035156,Passeriforme,98.81104826927185,Turdidae,87.7045214176178,OTHE,98.8646388053894
00:03:38.98,57.254966735839844,Passeriforme,99.98587965965271,Turdidae,80.56875467300415,OTHE,99.26682412624359
00:03:39.57,57.28693389892578,Passeriforme,96.47047519683838,Turdidae,99.89042282104492,OTHE,94.43165063858032
00:03:39.67,61.490997314453125,Passeriforme,99.97573494911194,Turdidae,99.90543127059937,SWTH,84.80746150016785
00:03:41.74,64.30349731445312,Passeriforme,99.82194304466248,Turdidae,99.67233538627625,OTHE,53.489142656326294
00:03:42.53,56.557552337646484,Passeriforme,99.97010231018066,Turdidae,99.20457601547241,OTHE,97.3210096359253
00:03:47.42,54.16154861450195,Passeriforme,70.0960099697113,Turdidae,99.55357313156128,OTHE,93.26799809932709
00:03:48.31,99.98999786376953,Passeriforme,99.68259334564209,Passerellidae,86.37235760688782,OTHE,91.76507592201233
00:03:50.73,65.92008972167969,Passeriforme,98.84552955627441,Turdidae,97.11753129959106,OTHE,99.68856871128082
00:03:50.97,69.81536865234375,Passeriforme,99.67677593231201,Turdidae,89.99099731445312,OTHE,98.59870374202728
00:03:53.39,59.45896911621094,Passeriforme,98.0025589466095,Turdidae,97.27487564086914,OTHE,99.15720522403717
00:03:54.62,62.46955871582031,Passeriforme,99.96234774589539,Turdidae,98.43096733093262,OTHE,98.49140644073486
00:03:57.53,66.25532531738281,Passeriforme,99.98631477355957,Turdidae,73.15503358840942,OTHE,99.85986948013306
00:03:59.36,61.14808654785156,Passeriforme,99.15111064910889,other,76.95898413658142,OTHE,76.95898413658142
00:04:08.83,91.6483154296875,Passeriforme,76.22791528701782,Turdidae,91.31186604499817,OTHE,99.94418323040009
00:04:09.03,99.98999786376953,Passeriforme,99.46563243865967,Turdidae,99.90061521530151,OTHE,95.65363228321075
00:04:09.48,57.882442474365234,Passeriforme,99.40495491027832,Turdidae,97.94248342514038,OTHE,96.45806550979614
00:04:16.63,56.680049896240234,Passeriforme,93.06074976921082,Turdidae,99.97067451477051,OTHE,90.66697955131531
00:04:22.90,53.58243942260742,Passeriforme,99.71880912780762,Turdidae,98.49259853363037,OTHE,97.66883552074432
00:05:15.45,58.30628967285156,Passeriforme,98.09496402740479,Turdidae,94.67805624008179,OTHE,98.67055118083954
00:05:19.00,61.220703125,Passeriforme,86.22269630432129,Turdidae,97.26594090461731,OTHE,94.87985372543335
00:05:26.45,50.171234130859375,Passeriforme,81.38961791992188,Turdidae,50.02467632293701,OTHE,99.48798418045044
00:05:36.32,58.475364685058594,Passeriforme,99.98757839202881,Turdidae,95.66674828529358,OTHE,94.447460770607
00:05:39.18,62.03398132324219,Passeriforme,96.48942947387695,Passerellidae,67.30285882949829,OTHE,94.18755173683167
00:05:55.66,61.22453308105469,Passeriforme,97.46001958847046,other,67.07030534744263,OTHE,67.07030534744263
00:06:14.95,59.849571228027344,Passeriforme,99.84095096588135,Turdidae,99.45065975189209,OTHE,67.38943755626678
00:06:23.24,57.571170806884766,Passeriforme,99.60720539093018,Turdidae,93.97864937782288,OTHE,99.49252009391785
00:06:24.57,55.96257781982422,Passeriforme,99.64739084243774,Turdidae,81.0966432094574,OTHE,99.06725883483887
00:06:26.55,66.48190307617188,Passeriforme,99.85657334327698,Turdidae,99.4405448436737,OTHE,87.68947720527649
00:06:38.79,50.056053161621094,Passeriforme,85.08809804916382,Turdidae,97.80924320220947,OTHE,91.86844825744629
00:07:54.97,57.53162384033203,Passeriforme,99.8311460018158,Turdidae,97.59207963943481,OTHE,98.03973138332367
00:08:06.71,53.89521789550781,Passeriforme,99.48158860206604,Turdidae,99.83375072479248,OTHE,78.74047458171844
00:08:11.94,64.95420837402344,Passeriforme,90.74347019195557,Turdidae,97.29831218719482,OTHE,98.24936091899872
00:08:13.52,67.95040893554688,Passeriforme,99.959397315979,Turdidae,99.86825585365295,OTHE,60.79193949699402
00:08:18.26,61.285194396972656,Passeriforme,99.97916221618652,Passerellidae,88.1965160369873,SAVS,72.30610847473145
00:08:21.96,50.92404556274414,Passeriforme,99.97462630271912,Turdidae,89.66533541679382,OTHE,86.00896000862122
00:08:41.15,53.33123016357422,Passeriforme,99.97267723083496,Turdidae,81.19412660598755,OTHE,98.66374731063843
00:09:06.91,74.44760131835938,Passeriforme,99.96782541275024,Parulidae,71.64322137832642,OTHE,85.90517342090607
00:09:17.02,61.875160217285156,Passeriforme,99.05532598495483,Passerellidae,52.655547857284546,OTHE,84.39068496227264
00:09:24.77,60.56305694580078,Passeriforme,98.53627681732178,Turdidae,63.69392275810242,OTHE,99.96062815189362
00:09:25.07,69.67041015625,Passeriforme,99.18439388275146,Turdidae,97.97267317771912,OTHE,91.4876639842987
00:09:26.30,63.59867858886719,Passeriforme,98.53373765945435,Turdidae,99.25554990768433,OTHE,93.10249984264374
00:09:26.84,55.93677520751953,Passeriforme,98.49539995193481,Turdidae,99.8436689376831,OTHE,90.24316072463989
00:09:29.11,56.540103912353516,Passeriforme,99.36128854751587,Turdidae,98.67004752159119,OTHE,93.26935112476349
00:09:31.09,53.92202377319336,Passeriforme,99.29490089416504,Turdidae,92.61312484741211,OTHE,82.20751583576202
00:09:31.33,60.743865966796875,Passeriforme,99.99834299087524,Turdidae,90.59582948684692,OTHE,98.62515926361084
00:09:33.60,99.98999786376953,Passeriforme,99.73387718200684,other,79.77694272994995,OTHE,79.77694272994995
00:09:34.98,64.11055755615234,Passeriforme,98.69255423545837,Turdidae,69.04234886169434,OTHE,99.56927001476288
00:09:35.08,59.67536163330078,Passeriforme,96.0057020187378,Turdidae,98.53115677833557,SWTH,84.55582857131958
00:09:36.96,76.89903259277344,Passeriforme,99.781334400177,Turdidae,97.02773094177246,OTHE,99.73720610141754
00:09:43.67,63.07160949707031,Passeriforme,99.70263838768005,Turdidae,51.210469007492065,OTHE,99.81876611709595
00:09:45.30,60.586822509765625,Passeriforme,99.973464012146,Turdidae,98.85622262954712,OTHE,88.96310031414032
00:09:46.19,60.86439514160156,Passeriforme,99.86842274665833,Passerellidae,80.3946852684021,OTHE,73.92868101596832
00:09:47.37,79.40812683105469,Passeriforme,99.99988079071045,other,88.01701664924622,OTHE,88.01701664924622
00:09:48.11,60.675575256347656,other,60.5197012424469,other,60.5197012424469,OTHE,60.5197012424469
00:09:48.36,61.99827575683594,Passeriforme,99.57435131072998,Turdidae,99.58739280700684,SWTH,84.91243124008179
00:09:53.44,55.20453643798828,Passeriforme,99.03491735458374,Turdidae,89.35562372207642,OTHE,99.3700385093689
00:09:55.76,54.827720642089844,Passeriforme,99.9399185180664,Passerellidae,69.83163356781006,OTHE,75.88834464550018
00:10:23.83,61.29375457763672,Passeriforme,99.9984860420227,Passerellidae,80.72458505630493,OTHE,90.93094766139984
00:10:47.27,50.816261291503906,Passeriforme,99.99783039093018,Turdidae,99.89542961120605,OTHE,76.60700976848602
00:10:51.56,63.19755554199219,Passeriforme,99.99924898147583,Turdidae,99.85438585281372,OTHE,89.49021697044373
00:10:58.08,61.89976501464844,Passeriforme,96.23494744300842,Turdidae,87.1304988861084,OTHE,93.33353042602539
00:11:01.97,82.62553405761719,Passeriforme,99.99446868896484,Turdidae,98.56081008911133,OTHE,96.24871015548706
00:11:06.71,64.76669311523438,Passeriforme,97.39749431610107,Turdidae,93.70402097702026,OTHE,91.96910262107849
00:11:09.43,58.25559616088867,Passeriforme,99.59522485733032,Turdidae,96.564781665802,OTHE,99.4566410779953
00:11:15.84,54.25356674194336,Passeriforme,99.971604347229,Turdidae,91.91268682479858,OTHE,99.18853044509888
00:11:38.54,57.62068176269531,Passeriforme,99.30332899093628,Turdidae,57.349514961242676,OTHE,99.50779676437378
00:11:39.67,63.6842041015625,Passeriforme,99.78175163269043,Turdidae,98.22510480880737,OTHE,97.94038832187653
00:11:40.86,99.98999786376953,Passeriforme,99.83665347099304,Turdidae,97.14035391807556,OTHE,93.09068620204926
00:11:45.40,54.8098030090332,Passeriforme,99.83173608779907,Turdidae,65.12644290924072,OTHE,94.53950524330139
00:11:47.42,99.98999786376953,Passeriforme,92.1822190284729,Turdidae,96.73537611961365,OTHE,97.75156080722809
00:11:53.49,62.13671875,Passeriforme,99.99558925628662,Turdidae,99.229896068573,GCTH,59.31918025016785
00:11:56.65,82.32786560058594,Passeriforme,92.63486862182617,Turdidae,54.40359711647034,OTHE,99.97972846031189
00:12:00.59,52.41442108154297,Passeriforme,89.95053768157959,Passerellidae,63.816899061203,OTHE,62.6336544752121
00:12:03.75,63.09944152832031,Passeriforme,97.26462364196777,Turdidae,99.2287278175354,OTHE,90.81210196018219
00:12:04.54,57.708770751953125,Passeriforme,99.93702173233032,Turdidae,96.34835720062256,OTHE,95.96164524555206
00:12:07.11,51.44557189941406,Passeriforme,99.93616342544556,Turdidae,52.31842398643494,OTHE,98.07372391223907
00:12:07.75,56.35078430175781,Passeriforme,99.96601343154907,Turdidae,99.87378716468811,OTHE,95.47379314899445
00:12:17.27,63.23695373535156,Passeriforme,96.73668146133423,Turdidae,99.97996091842651,OTHE,81.08221888542175
00:12:22.21,57.659393310546875,Passeriforme,62.980276346206665,Turdidae,72.58177995681763,OTHE,96.02958559989929
00:12:30.79,57.96079635620117,Passeriforme,99.83797669410706,Turdidae,55.88691234588623,OTHE,98.83134961128235
00:12:38.98,63.29106140136719,Passeriforme,99.90339279174805,Turdidae,99.78415966033936,OTHE,76.84447467327118
00:12:39.28,78.99057006835938,Passeriforme,98.4379768371582,Turdidae,94.95214223861694,OTHE,98.35874140262604
00:12:52.45,68.64828491210938,Passeriforme,99.91134405136108,Turdidae,53.66393327713013,OTHE,99.79206919670105
00:12:56.79,62.48736572265625,Passeriforme,99.99962449073792,Turdidae,75.34071207046509,OTHE,99.22016859054565
00:13:00.00,60.92449951171875,Passeriforme,99.7144103050232,Turdidae,99.94964003562927,OTHE,53.917038440704346
00:13:00.40,56.91408920288086,Passeriforme,99.9910831451416,Turdidae,95.57839632034302,OTHE,87.64700591564178
00:13:04.15,69.294189453125,Passeriforme,99.95297193527222,Turdidae,91.45866632461548,OTHE,96.2155431509018
00:13:07.06,65.84678649902344,Passeriforme,99.71977472305298,Turdidae,99.89153146743774,OTHE,94.5219874382019
00:13:09.38,64.00872039794922,Passeriforme,99.94534254074097,Turdidae,91.54876470565796,OTHE,97.38992750644684
00:13:15.05,53.87901306152344,Passeriforme,99.91414546966553,Turdidae,98.03915023803711,OTHE,97.00286984443665
00:13:24.03,92.16586303710938,other,81.83515667915344,other,81.83515667915344,OTHE,81.83515667915344
00:13:58.03,65.13945007324219,Passeriforme,98.48670959472656,Turdidae,74.82438683509827,OTHE,98.53567779064178
00:14:00.74,99.98999786376953,Passeriforme,98.23526740074158,Turdidae,84.66141819953918,OTHE,99.89946782588959
00:14:05.63,59.98902130126953,Passeriforme,99.72437024116516,Turdidae,94.52633857727051,OTHE,96.82543575763702
00:14:14.21,99.98999786376953,Passeriforme,98.59192371368408,Turdidae,98.30822944641113,OTHE,99.12284910678864
00:14:16.83,63.284912109375,Passeriforme,99.88266229629517,Turdidae,86.30097508430481,OTHE,94.69242691993713
00:14:16.93,69.85305786132812,Passeriforme,100.0,Turdidae,99.9976634979248,SWTH,99.72865581512451
00:14:17.07,50.334144592285156,Passeriforme,97.23331928253174,other,61.478638648986816,OTHE,61.478638648986816
00:14:20.33,59.54926300048828,Passeriforme,99.9767541885376,Turdidae,99.814373254776,OTHE,74.45739209651947
00:14:27.83,61.58976745605469,Passeriforme,98.40958714485168,Turdidae,99.17590022087097,OTHE,93.36295425891876
00:14:30.30,61.684791564941406,Passeriforme,97.76498675346375,Turdidae,73.78261685371399,OTHE,98.49105179309845
00:14:31.78,99.98999786376953,Passeriforme,99.97509121894836,Turdidae,56.475335359573364,OTHE,99.96115267276764
00:14:45.40,63.36296844482422,Passeriforme,97.31016159057617,Turdidae,55.4193377494812,OTHE,98.99648725986481
00:15:17.57,62.71746826171875,Passeriforme,53.43160629272461,Turdidae,90.07697105407715,OTHE,94.71010863780975
00:15:36.17,99.98999786376953,Passeriforme,94.29627656936646,Turdidae,99.12706017494202,OTHE,62.24673092365265
00:15:40.90,54.40495300292969,Passeriforme,99.50312972068787,Turdidae,99.03331995010376,OTHE,86.48087978363037
00:15:50.03,50.66265106201172,Passeriforme,99.2729902267456,Passerellidae,76.88731551170349,OTHE,87.20448017120361
00:15:58.91,50.393638610839844,Passeriforme,99.65807795524597,Turdidae,76.58830881118774,OTHE,98.3363151550293
00:15:59.31,62.46833038330078,Passeriforme,97.28357791900635,Turdidae,98.66235852241516,OTHE,94.88290250301361
00:15:59.41,53.25908660888672,Passeriforme,99.55533742904663,Turdidae,99.7370958328247,OTHE,84.60978865623474
00:16:07.99,50.99767303466797,Passeriforme,99.61470365524292,Turdidae,96.46635055541992,OTHE,99.21238422393799
00:16:08.88,61.73054504394531,Passeriforme,98.6912727355957,Turdidae,85.00601053237915,OTHE,99.49377179145813
00:16:08.98,62.069313049316406,Passeriforme,99.97661113739014,Turdidae,97.63081073760986,OTHE,79.64911162853241
00:16:14.85,99.98999786376953,Passeriforme,99.88999366760254,other,50.93924403190613,OTHE,50.93924403190613
00:16:18.80,99.98999786376953,Passeriforme,99.23882484436035,Turdidae,77.77349352836609,OTHE,95.31190395355225
00:16:21.71,53.044246673583984,Passeriforme,99.99991655349731,Turdidae,99.89286661148071,SWTH,71.67353630065918
00:16:23.54,52.5187873840332,Passeriforme,99.99198913574219,Turdidae,56.60609006881714,OTHE,99.80145990848541
00:16:26.25,84.70907592773438,Passeriforme,98.6143708229065,Turdidae,99.10420775413513,OTHE,90.59772491455078
00:16:27.83,51.97050094604492,Passeriforme,99.99661445617676,Turdidae,96.29591703414917,SWTH,71.01181745529175
00:16:30.15,62.089683532714844,Passeriforme,99.87897872924805,Passerellidae,92.9443359375,OTHE,57.22575783729553
00:16:33.75,53.586429595947266,other,84.63060855865479,other,84.63060855865479,OTHE,84.63060855865479
00:16:38.64,57.77540588378906,Passeriforme,99.99310374259949,Turdidae,99.76041913032532,OTHE,87.29105293750763
00:16:41.35,56.60441207885742,Passeriforme,99.97555017471313,Turdidae,99.95893836021423,OTHE,82.29075968265533
00:16:45.89,59.514286041259766,Passeriforme,96.29545211791992,Turdidae,99.768728017807,SWTH,59.548163414001465
00:16:57.39,53.67784881591797,Passeriforme,99.9998688697815,Turdidae,99.1887092590332,OTHE,93.03469955921173
00:17:01.78,51.93065643310547,Passeriforme,92.29789972305298,Turdidae,83.90138149261475,OTHE,99.23968315124512
00:17:10.56,61.7239990234375,Passeriforme,99.98055696487427,Turdidae,99.99198317527771,OTHE,63.88769745826721
00:17:12.09,63.30244445800781,Passeriforme,99.91543292999268,Turdidae,81.5517008304596,OTHE,98.62778782844543
00:17:13.62,54.044456481933594,Passeriforme,99.97334480285645,other,61.14093065261841,OTHE,61.14093065261841
00:17:21.32,63.56285095214844,Passeriforme,99.99158978462219,Turdidae,99.97067451477051,SWTH,53.15731763839722
00:17:22.90,56.84934616088867,Passeriforme,85.59529781341553,Passerellidae,56.54642581939697,OTHE,86.18976473808289
00:17:24.23,52.24492645263672,Passeriforme,79.84578013420105,Turdidae,98.54915142059326,OTHE,84.73632633686066
00:17:26.65,99.98999786376953,Passeriforme,99.9991774559021,Turdidae,97.1209168434143,OTHE,99.16529059410095
00:17:29.56,99.98999786376953,Passeriforme,91.51725769042969,Turdidae,96.75116539001465,OTHE,98.81068170070648
00:17:34.69,63.368560791015625,Passeriforme,99.98970031738281,Turdidae,93.95328760147095,OTHE,91.24421179294586
00:17:39.43,53.51659393310547,Passeriforme,99.92097616195679,Turdidae,98.73731136322021,OTHE,95.91282308101654
00:17:45.64,54.45863342285156,Passeriforme,96.71724438667297,Turdidae,98.75885248184204,OTHE,98.6797422170639
00:17:48.11,58.017242431640625,Passeriforme,99.84543919563293,Turdidae,99.57165718078613,OTHE,93.0029034614563
00:17:49.00,55.89724349975586,Passeriforme,99.43863153457642,Turdidae,85.75329780578613,OTHE,96.62712812423706
00:17:50.63,71.00308227539062,Passeriforme,99.93091225624084,Turdidae,92.41925477981567,OTHE,99.66037571430206
00:17:53.24,69.80328369140625,Passeriforme,99.92257952690125,Turdidae,89.51979875564575,OTHE,94.74130570888519
00:17:55.81,60.444908142089844,Passeriforme,99.37631487846375,Turdidae,90.09486436843872,OTHE,96.85001969337463
00:17:59.06,50.13359832763672,Passeriforme,99.6094822883606,Turdidae,99.86662864685059,OTHE,78.96909415721893
00:18:09.03,53.84550476074219,Passeriforme,99.89616274833679,Parulidae,55.86060285568237,OTHE,89.1550064086914
00:18:27.14,56.52254104614258,Passeriforme,97.83776998519897,Turdidae,70.75982689857483,OTHE,99.17499721050262
00:18:30.69,59.73799514770508,Passeriforme,99.96960759162903,Turdidae,58.3945095539093,GCTH,84.87885594367981
00:18:31.14,62.668739318847656,Passeriforme,97.58196473121643,Turdidae,99.98892545700073,OTHE,53.97317409515381
00:18:41.10,62.33050537109375,Passeriforme,99.94841814041138,Turdidae,98.8540530204773,OTHE,97.59559631347656
00:18:43.87,55.581809997558594,Passeriforme,99.94208812713623,Turdidae,98.47656488418579,OTHE,94.13914978504181
00:18:58.82,65.59300231933594,Passeriforme,99.97321367263794,Passerellidae,86.23262047767639,OTHE,59.57714319229126
00:19:03.75,60.49922180175781,Passeriforme,98.97429347038269,Turdidae,60.39842963218689,OTHE,99.80981945991516
00:19:04.15,99.98999786376953,Passeriforme,99.05532598495483,other,64.40619826316833,OTHE,64.40619826316833
00:19:10.26,66.56034851074219,Passeriforme,96.32447957992554,Turdidae,79.47691679000854,OTHE,98.84157180786133
00:19:13.77,61.57880401611328,Passeriforme,99.93904232978821,Turdidae,92.04989671707153,OTHE,98.09213578701019
00:19:16.53,56.71162414550781,Passeriforme,99.31249618530273,Turdidae,97.78878688812256,OTHE,97.25615382194519
00:19:18.36,68.49955749511719,other,53.342247009277344,other,53.342247009277344,OTHE,53.342247009277344
00:19:40.41,67.50164794921875,Passeriforme,99.96037483215332,Passerellidae,54.37977313995361,OTHE,71.51148319244385
00:19:44.21,60.261802673339844,other,92.10346937179565,other,92.10346937179565,OTHE,92.10346937179565
00:19:48.11,98.862548828125,Passeriforme,98.16625714302063,Turdidae,84.53978300094604,OTHE,93.9970850944519
00:20:01.33,56.11381149291992,Passeriforme,96.55042290687561,Turdidae,95.0132429599762,OTHE,98.04245829582214
00:20:09.38,51.71271514892578,Passeriforme,99.97748136520386,Turdidae,79.56831455230713,OTHE,99.5848000049591
00:20:14.85,53.591705322265625,Passeriforme,99.9999463558197,Passerellidae,96.15405797958374,WTSP,68.75211000442505
00:20:15.45,67.39518737792969,Passeriforme,99.9698281288147,other,64.8955225944519,OTHE,64.8955225944519
00:20:15.59,52.24687957763672,Passeriforme,99.85599517822266,Turdidae,50.681233406066895,OTHE,96.43896222114563
00:20:17.42,62.541709899902344,Passeriforme,99.98716115951538,Turdidae,89.82789516448975,OTHE,95.75282633304596
00:20:41.35,54.61788558959961,Passeriforme,99.91106986999512,Turdidae,97.17196226119995,OTHE,97.6236879825592
00:20:45.05,64.28229522705078,Passeriforme,98.06661605834961,Turdidae,95.75086832046509,OTHE,99.11934435367584
00:20:46.73,58.93700408935547,Passeriforme,90.22246599197388,Turdidae,99.77266788482666,OTHE,93.45247745513916
00:20:56.94,54.64260482788086,Passeriforme,99.88209009170532,Turdidae,84.09061431884766,OTHE,98.39298129081726
00:20:57.29,57.646209716796875,Passeriforme,99.30529594421387,other,50.86929798126221,OTHE,50.86929798126221
00:21:05.08,56.621246337890625,Passeriforme,99.99982118606567,Turdidae,97.15003967285156,OTHE,72.43546843528748
00:21:07.90,58.87549591064453,Passeriforme,99.78243112564087,Turdidae,99.12574291229248,OTHE,97.61265218257904
00:21:16.19,60.19066619873047,Passeriforme,99.9984860420227,Turdidae,98.5702633857727,OTHE,55.005112290382385
00:21:20.82,64.42057037353516,Passeriforme,84.10787582397461,Turdidae,85.45085191726685,OTHE,98.03428053855896
00:21:29.95,60.71458435058594,Passeriforme,99.19617176055908,Passerellidae,59.769207239151,OTHE,95.83717286586761
00:21:32.72,63.62744140625,Passeriforme,98.5224962234497,Parulidae,94.02298927307129,OTHE,70.75626254081726
00:21:43.82,51.6562614440918,other,92.71562099456787,other,92.71562099456787,OTHE,92.71562099456787
00:21:45.94,60.387367248535156,Passeriforme,99.708491563797,Turdidae,93.07222366333008,OTHE,97.44992554187775
00:21:49.84,58.75780487060547,Passeriforme,96.02248072624207,Turdidae,85.25882363319397,OTHE,98.17896783351898
00:21:51.61,68.9417724609375,Passeriforme,99.99938011169434,Turdidae,99.98922944068909,SWTH,93.33549737930298
00:21:59.02,60.48029327392578,Passeriforme,98.30163717269897,Turdidae,98.168283700943,OTHE,95.36117911338806
00:22:01.98,63.017669677734375,Passeriforme,97.80974388122559,Turdidae,91.18269681930542,OTHE,93.27501952648163
00:22:03.11,70.04190063476562,Passeriforme,99.99493360519409,Turdidae,98.91653060913086,SWTH,84.73199605941772
00:22:03.70,99.98999786376953,Passeriforme,99.04330968856812,Turdidae,98.07214736938477,OTHE,92.40541756153107
00:22:11.06,50.53562545776367,Passeriforme,99.81905221939087,Turdidae,99.83097314834595,SWTH,88.89069557189941
00:22:27.19,99.98999786376953,Passeriforme,90.61382412910461,Turdidae,80.02517819404602,OTHE,99.80731010437012
00:22:48.85,59.51422119140625,Passeriforme,80.56832551956177,Turdidae,54.33056354522705,OTHE,99.8584121465683
00:23:01.14,63.12628173828125,Passeriforme,98.92956018447876,Turdidae,87.77450323104858,OTHE,95.81256806850433
00:23:36.02,50.494041442871094,Passeriforme,99.84930753707886,Turdidae,99.68652725219727,SWTH,59.96476411819458
00:23:36.12,59.315155029296875,Passeriforme,99.99397397041321,Turdidae,99.96315240859985,SWTH,99.69079494476318
00:23:43.13,53.778831481933594,Passeriforme,99.96771812438965,other,78.41788530349731,OTHE,78.41788530349731
00:23:51.02,99.98999786376953,Passeriforme,99.92110133171082,Passerellidae,92.57605075836182,CHSP,59.41019058227539
00:24:17.71,57.61278533935547,Passeriforme,99.96966123580933,Passerellidae,77.65685319900513,OTHE,90.51235318183899
00:25:23.93,61.31456756591797,Passeriforme,97.28830456733704,Turdidae,63.31821084022522,OTHE,98.92501831054688
00:25:28.62,51.2478141784668,Passeriforme,99.34402704238892,Turdidae,86.43828630447388,OTHE,98.55823516845703
00:25:44.46,60.12919616699219,Passeriforme,99.93230104446411,Turdidae,97.7025032043457,OTHE,97.32997417449951
00:26:00.05,99.98999786376953,Passeriforme,99.96728897094727,Passerellidae,72.06383943557739,OTHE,94.9419766664505
00:26:00.69,59.71406555175781,Passeriforme,98.69287014007568,Parulidae,83.11222791671753,OTHE,94.34714317321777
00:26:59.21,63.72984313964844,Passeriforme,96.04319334030151,Turdidae,76.15121603012085,OTHE,88.2672518491745
00:27:45.69,60.246238708496094,Passeriforme,99.7771143913269,Turdidae,78.57022881507874,OTHE,99.84324872493744
00:27:45.79,66.77671813964844,Passeriforme,99.99353885650635,Turdidae,95.00329494476318,OTHE,98.80832731723785
00:28:01.19,59.47874450683594,Passeriforme,99.9528169631958,Turdidae,99.12689924240112,OTHE,98.51504564285278
00:28:03.85,56.002769470214844,Passeriforme,98.85472059249878,Turdidae,92.38687753677368,OTHE,98.48516285419464
00:28:11.55,53.11214828491211,Passeriforme,99.4260847568512,Turdidae,99.57579970359802,OTHE,90.53488075733185
00:28:25.27,57.95121765136719,Passeriforme,99.44665431976318,Turdidae,91.24071598052979,OTHE,93.44061613082886
00:28:25.36,53.488075256347656,Passeriforme,99.99505281448364,Turdidae,99.84254837036133,SWTH,99.41372871398926
00:28:30.40,61.07276153564453,Passeriforme,95.37560939788818,Turdidae,54.415297508239746,OTHE,99.60150718688965
00:28:37.21,51.5413818359375,Passeriforme,97.88581132888794,Passerellidae,92.47596263885498,OTHE,89.9105578660965
00:28:40.27,57.56761932373047,Passeriforme,99.96099472045898,other,63.03653120994568,OTHE,63.03653120994568
00:28:41.55,59.11283874511719,Passeriforme,99.55698847770691,Turdidae,99.06641244888306,OTHE,95.11035084724426
00:28:47.07,99.98999786376953,Passeriforme,99.99719262123108,Turdidae,68.53594183921814,OTHE,98.92296493053436
00:28:54.23,57.600425720214844,Passeriforme,99.93664026260376,Turdidae,97.65982627868652,OTHE,97.74589538574219
00:28:58.42,60.04022979736328,Passeriforme,99.52995777130127,Turdidae,83.54277014732361,OTHE,99.4716614484787
00:28:59.95,51.63435745239258,Passeriforme,99.24969673156738,Turdidae,96.69255018234253,OTHE,86.45098209381104
00:29:08.64,63.03855895996094,Passeriforme,96.63279056549072,Turdidae,98.76322746276855,OTHE,88.81843388080597
00:29:13.37,51.08816909790039,Passeriforme,99.9659538269043,Turdidae,90.13878107070923,OTHE,99.46635663509369
00:29:13.72,63.812225341796875,Passeriforme,99.94586706161499,Turdidae,92.34215021133423,OTHE,95.59473097324371
00:29:17.03,58.897789001464844,Passeriforme,99.19384717941284,Turdidae,96.524977684021,OTHE,97.98257350921631
00:29:45.00,70.79757690429688,Passeriforme,99.3577241897583,Turdidae,93.27048063278198,OTHE,92.05140769481659
00:29:45.79,64.5168228149414,Passeriforme,98.68942499160767,Passerellidae,71.7876136302948,OTHE,89.82129991054535
00:29:52.01,52.119476318359375,Passeriforme,99.13308620452881,Turdidae,99.84714984893799,OTHE,88.69049847126007
00:29:53.14,99.98999786376953,Passeriforme,99.93224740028381,Turdidae,52.37908363342285,OTHE,99.1729199886322
00:29:55.81,54.136260986328125,Passeriforme,99.77978467941284,Turdidae,99.38598275184631,OTHE,90.0793969631195
00:29:55.91,61.44664001464844,Passeriforme,99.9598503112793,Turdidae,95.15218138694763,SWTH,63.14796209335327
00:29:56.80,77.504150390625,Passeriforme,99.81447458267212,other,65.13274908065796,OTHE,65.13274908065796
00:29:58.23,60.08080291748047,Passeriforme,94.29761171340942,Turdidae,73.82419109344482,OTHE,97.82809019088745
00:30:04.59,64.58905029296875,Passeriforme,99.95054006576538,other,78.3507764339447,OTHE,78.3507764339447
00:30:06.46,63.304931640625,Passeriforme,99.92925524711609,Turdidae,99.79814291000366,OTHE,73.79925847053528
00:30:12.88,71.29246520996094,Passeriforme,96.84411287307739,other,72.33041524887085,OTHE,72.33041524887085
00:30:14.06,99.98999786376953,Passeriforme,98.30950498580933,Turdidae,79.91196513175964,OTHE,99.32636022567749
00:30:18.01,66.80435180664062,Passeriforme,73.70162010192871,Turdidae,99.60736036300659,OTHE,95.95958590507507
00:30:22.35,63.17078399658203,Passeriforme,99.99083876609802,Turdidae,99.8984694480896,OTHE,80.95895051956177
00:30:23.59,62.60467529296875,Passeriforme,97.58485555648804,Turdidae,99.20891523361206,OTHE,95.51835358142853
00:30:31.58,99.98999786376953,Passeriforme,85.86294054985046,Turdidae,93.24058294296265,OTHE,99.48707222938538
00:30:34.64,51.17078399658203,Passeriforme,99.6894359588623,Turdidae,99.82361793518066,OTHE,95.3271895647049
00:30:36.27,51.90563201904297,Passeriforme,99.15283918380737,Turdidae,99.98447895050049,SWTH,81.59714937210083
00:30:49.19,77.12600708007812,Passeriforme,99.25497770309448,Turdidae,98.30853343009949,OTHE,98.04607629776001
00:30:50.77,77.17118835449219,Passeriforme,99.96294975280762,Turdidae,61.21658682823181,OTHE,99.67681169509888
00:30:52.20,61.683349609375,Passeriforme,99.99595880508423,other,58.263206481933594,OTHE,58.263206481933594
00:30:52.99,75.23681640625,Passeriforme,98.97952079772949,other,63.4152889251709,OTHE,63.4152889251709
00:31:01.97,99.98999786376953,Passeriforme,99.51788783073425,Turdidae,97.88609147071838,OTHE,96.72848880290985
00:31:12.19,63.58747863769531,Passeriforme,99.93693828582764,other,69.97418403625488,OTHE,69.97418403625488
00:31:16.28,56.45589065551758,Passeriforme,99.9885618686676,Turdidae,74.82572793960571,OTHE,99.87452924251556
00:31:18.55,71.60812377929688,Passeriforme,56.99654817581177,other,54.2353630065918,OTHE,54.2353630065918
00:31:33.50,60.5194091796875,Passeriforme,88.5291576385498,Turdidae,85.99447011947632,OTHE,99.79833364486694
00:31:39.47,99.98999786376953,Passeriforme,96.13443613052368,Turdidae,99.52232837677002,OTHE,98.91785681247711
00:32:16.78,67.30093383789062,Passeriforme,99.96596574783325,Turdidae,93.23900938034058,OTHE,86.94313764572144
00:32:34.64,53.26371383666992,Passeriforme,99.76125359535217,Turdidae,99.74478483200073,OTHE,81.3288152217865
00:32:44.46,99.98999786376953,Passeriforme,99.99362230300903,Turdidae,73.81370067596436,OTHE,98.37154150009155
00:32:47.81,61.40406799316406,Passeriforme,98.37248921394348,Passerellidae,79.20418977737427,OTHE,74.24342632293701
00:32:58.37,62.177459716796875,Passeriforme,99.97074604034424,Turdidae,85.42556762695312,OTHE,99.66320395469666
00:32:59.51,59.11431884765625,Passeriforme,99.9024748802185,Turdidae,87.49207258224487,OTHE,99.40780699253082
00:33:28.42,57.98492431640625,Passeriforme,99.63504076004028,Turdidae,99.93071556091309,OTHE,91.41177535057068
00:33:29.46,59.77452087402344,Passeriforme,98.95756244659424,other,53.620898723602295,OTHE,53.620898723602295
00:33:38.24,50.05818176269531,Passeriforme,99.46795701980591,other,50.49009323120117,OTHE,50.49009323120117
00:33:41.40,63.47981262207031,Passeriforme,99.71606731414795,Turdidae,73.44013452529907,OTHE,97.31278419494629
00:33:46.04,64.2042465209961,Passeriforme,99.95743036270142,Turdidae,86.19288206100464,OTHE,97.09259271621704
00:33:58.67,58.48683166503906,Passeriforme,99.90074634552002,Passerellidae,89.46672677993774,OTHE,61.67387366294861
00:34:07.16,55.285545349121094,Passeriforme,51.645320653915405,Turdidae,96.94812893867493,OTHE,98.44337701797485
00:34:08.49,63.4107666015625,Passeriforme,99.96030926704407,Turdidae,99.5998740196228,OTHE,81.50559365749359
00:34:08.69,53.72968292236328,Passeriforme,99.99955892562866,Turdidae,99.72496032714844,OTHE,95.72309255599976
00:34:12.44,62.11854553222656,Passeriforme,98.42355251312256,Turdidae,99.33528900146484,OTHE,88.97546231746674
00:34:17.91,99.98999786376953,Passeriforme,99.97104406356812,Turdidae,75.01310110092163,OTHE,94.53645646572113
00:34:49.54,60.639320373535156,Passeriforme,99.25568103790283,Turdidae,92.95922517776489,OTHE,98.61426949501038
00:35:01.53,66.34135437011719,Passeriforme,99.94717836380005,Turdidae,96.11123204231262,OTHE,99.13965165615082
00:35:06.12,50.02019119262695,Passeriforme,98.73296022415161,Turdidae,88.56807947158813,OTHE,99.58719909191132
00:35:09.62,99.98999786376953,Passeriforme,99.84917640686035,Turdidae,64.15202617645264,OTHE,94.01707947254181
00:35:26.30,63.854522705078125,Passeriforme,90.31752347946167,Turdidae,74.63817596435547,OTHE,97.04928994178772
00:35:35.18,57.54490661621094,Passeriforme,99.93970394134521,Turdidae,99.51255321502686,OTHE,91.79235994815826
00:35:36.42,80.48887634277344,Passeriforme,71.49973511695862,Turdidae,86.62685751914978,OTHE,99.52437281608582
00:35:39.48,77.77737426757812,Passeriforme,99.99727010726929,Turdidae,95.59474587440491,OTHE,88.80688548088074
00:35:41.79,61.52775573730469,Passeriforme,99.96564984321594,Turdidae,99.8380720615387,OTHE,89.80621099472046
00:35:42.88,56.67597961425781,Passeriforme,98.78467321395874,other,61.125510931015015,OTHE,61.125510931015015
00:35:43.37,68.41409301757812,Passeriforme,99.87648725509644,Turdidae,99.57382678985596,SWTH,79.06885743141174
00:35:43.87,60.182403564453125,Passeriforme,99.99130964279175,Passerellidae,96.2502121925354,OTHE,67.00688004493713
00:35:45.54,63.11839294433594,Passeriforme,99.7100830078125,Turdidae,99.91824626922607,OTHE,74.02742207050323
00:35:51.02,51.15465545654297,Passeriforme,99.92892742156982,Turdidae,99.54922795295715,OTHE,97.41522371768951
00:35:52.30,55.569576263427734,Passeriforme,99.94663596153259,other,82.37043619155884,OTHE,82.37043619155884
00:35:55.07,99.98999786376953,Passeriforme,99.99021291732788,Turdidae,97.81999588012695,OTHE,88.80562484264374
00:35:55.76,57.926944732666016,Passeriforme,99.98935461044312,Turdidae,94.17533278465271,OTHE,99.29132461547852
00:35:59.85,99.98999786376953,Passeriforme,99.82017874717712,Turdidae,97.93009757995605,OTHE,72.16308414936066
00:36:01.43,99.98999786376953,Passeriforme,99.99389052391052,Turdidae,97.20033407211304,OTHE,97.55396842956543
00:36:03.31,80.96479797363281,Passeriforme,99.90618228912354,Passerellidae,80.29956817626953,OTHE,79.81859743595123
00:36:04.44,99.98999786376953,Passeriforme,99.97459650039673,Turdidae,99.93196725845337,OTHE,59.04660522937775
00:36:06.32,70.77302551269531,Passeriforme,99.99985098838806,Parulidae,82.1349024772644,OTHE,93.89391243457794
00:36:14.85,71.57206726074219,Passeriforme,99.91707801818848,Turdidae,99.34759140014648,OTHE,96.3111937046051
00:36:15.89,62.821861267089844,Passeriforme,98.83676767349243,Turdidae,84.22461748123169,OTHE,96.02503478527069
00:36:21.27,57.75480270385742,Passeriforme,98.89577627182007,Turdidae,98.35137128829956,OTHE,75.5289375782013
00:36:39.77,54.887901306152344,Passeriforme,99.47319030761719,other,65.4272198677063,OTHE,65.4272198677063
00:36:55.27,64.25550079345703,Passeriforme,99.95866417884827,Turdidae,99.91757869720459,OTHE,66.3550317287445
00:37:04.69,79.95573425292969,Passeriforme,99.98245239257812,Turdidae,96.79259061813354,OTHE,98.64937365055084
00:37:34.74,65.13249206542969,Passeriforme,99.60498213768005,Passerellidae,94.15613412857056,WTSP,57.405173778533936
00:37:53.14,56.74563217163086,Passeriforme,99.93655681610107,Passerellidae,73.29553961753845,OTHE,61.210182309150696
00:38:04.89,83.45050048828125,Passeriforme,97.10766077041626,other,92.3109769821167,OTHE,92.3109769821167
00:38:19.49,50.175880432128906,Passeriforme,99.92830753326416,Turdidae,93.35248470306396,OTHE,99.2580384016037
00:38:22.45,54.56330871582031,Passeriforme,99.93909001350403,Turdidae,65.5924916267395,OTHE,99.29533302783966
00:38:31.18,99.98999786376953,other,89.78447616100311,other,89.78447616100311,OTHE,89.78447616100311
00:38:39.87,51.41393280029297,Passeriforme,98.35197329521179,other,71.70526385307312,OTHE,71.70526385307312
00:38:43.72,57.07343292236328,Passeriforme,97.63776659965515,Turdidae,98.16529750823975,OTHE,98.42843413352966
00:39:01.48,99.98999786376953,Passeriforme,99.51043128967285,Turdidae,92.84477829933167,OTHE,99.59721267223358
00:39:06.17,63.79962158203125,Passeriforme,99.46671724319458,other,70.77937722206116,OTHE,70.77937722206116
00:39:22.45,64.50550079345703,Passeriforme,55.2861750125885,Passerellidae,57.49303698539734,OTHE,70.10183930397034
00:39:50.92,64.61593627929688,Passeriforme,98.42048287391663,Turdidae,99.8173475265503,OTHE,97.82570600509644
00:40:05.13,63.156982421875,Passeriforme,99.61585998535156,Turdidae,99.16236400604248,OTHE,90.86712002754211
00:40:09.67,52.16350173950195,Passeriforme,99.89791512489319,Parulidae,54.86500263214111,OTHE,97.51504361629486
00:40:13.03,67.27812194824219,Passeriforme,98.40778112411499,Turdidae,97.76891469955444,OTHE,92.38707423210144
00:40:23.34,99.98999786376953,Passeriforme,95.51001787185669,Turdidae,91.26389622688293,OTHE,97.79094755649567
00:40:23.59,75.11225891113281,Passeriforme,99.98949766159058,Turdidae,98.71256947517395,OTHE,97.33094573020935
00:40:32.96,99.98999786376953,Passeriforme,99.8208999633789,Passerellidae,54.74361777305603,OTHE,87.91416883468628
00:40:38.34,51.383056640625,Passeriforme,99.97254610061646,Turdidae,99.89787340164185,GCTH,79.90012168884277
00:40:43.22,64.62107849121094,Passeriforme,99.91061687469482,Turdidae,98.70154857635498,OTHE,98.49517941474915
00:40:47.22,89.13687133789062,Passeriforme,99.62462186813354,Passerellidae,94.81867551803589,OTHE,82.41777122020721
00:41:08.34,55.47745895385742,Passeriforme,99.86750483512878,Passerellidae,63.88059854507446,OTHE,89.76529836654663
00:41:16.33,57.41606521606445,Passeriforme,97.90186285972595,Turdidae,96.75064086914062,OTHE,97.07577526569366
00:41:18.36,53.2387580871582,Passeriforme,96.32822275161743,Passerellidae,95.85919380187988,OTHE,76.65362060070038
00:41:19.24,61.815269470214844,Passeriforme,99.30928945541382,Turdidae,99.82092380523682,OTHE,68.23606491088867
00:41:34.15,62.85535430908203,Passeriforme,99.85383749008179,Passerellidae,98.05811047554016,OTHE,63.09213936328888
00:42:01.53,85.25907897949219,Passeriforme,98.70745539665222,Turdidae,88.19844722747803,OTHE,99.3348479270935
00:42:56.70,61.725563049316406,Passeriforme,92.98552870750427,Parulidae,62.040454149246216,OTHE,98.36287498474121
00:43:02.47,63.748992919921875,Passeriforme,95.30704021453857,other,54.56184148788452,OTHE,54.56184148788452
00:43:06.81,58.390926361083984,Passeriforme,83.38874578475952,Passerellidae,89.28215503692627,ATSP,56.16161227226257
00:43:45.55,64.92991638183594,Passeriforme,99.45398569107056,other,86.96210384368896,OTHE,86.96210384368896
00:43:57.68,62.114532470703125,Passeriforme,99.99964237213135,Turdidae,92.10391640663147,OTHE,92.27729439735413
00:44:21.96,50.749229431152344,Passeriforme,99.58006143569946,Turdidae,73.88139963150024,OTHE,99.70530271530151
00:44:22.65,61.029296875,Passeriforme,99.83950853347778,Turdidae,97.96881079673767,OTHE,98.3609676361084
00:44:36.02,53.88352966308594,Passeriforme,99.19544458389282,Turdidae,95.30924558639526,OTHE,98.20164740085602
00:44:44.76,51.9005241394043,Passeriforme,99.99719858169556,Turdidae,99.9640941619873,OTHE,56.158486008644104
00:44:48.21,63.742767333984375,Passeriforme,99.65958595275879,Turdidae,74.93191957473755,OTHE,99.5285153388977
00:44:49.74,57.62506866455078,Passeriforme,98.67612719535828,Turdidae,84.02433395385742,OTHE,99.42922294139862
00:44:53.49,56.70304870605469,Passeriforme,99.71897602081299,Turdidae,80.08143901824951,OTHE,98.88429343700409
00:45:02.22,58.20616149902344,Passeriforme,99.93045926094055,Passerellidae,53.18717956542969,OTHE,83.4505558013916
00:45:11.35,63.422874450683594,Passeriforme,99.50026273727417,Passerellidae,99.98500347137451,WTSP,73.5134482383728
00:45:19.88,58.11452102661133,Passeriforme,99.99397993087769,Turdidae,98.00233840942383,OTHE,87.66130208969116
00:45:21.37,61.658103942871094,Passeriforme,99.38603043556213,Turdidae,85.20737290382385,OTHE,98.95999133586884
00:45:25.56,61.545928955078125,Passeriforme,99.99580979347229,Turdidae,75.3879964351654,OTHE,96.2349146604538
00:45:44.95,99.98999786376953,Passeriforme,99.8150110244751,Passerellidae,99.61583614349365,WTSP,81.40811920166016
00:45:47.22,57.341426849365234,Passeriforme,99.99667406082153,Passerellidae,87.29500770568848,OTHE,55.53404092788696
00:45:55.16,53.80559158325195,Passeriforme,99.99778270721436,Turdidae,91.29934906959534,OTHE,95.46555578708649
00:46:08.14,55.75695037841797,Passeriforme,86.02316379547119,Turdidae,95.29545903205872,OTHE,98.50800335407257
00:46:18.55,65.6845703125,Passeriforme,99.6242344379425,Turdidae,94.72377300262451,OTHE,99.15476441383362
00:46:47.07,53.55985641479492,Passeriforme,96.40861749649048,Turdidae,76.63451433181763,OTHE,99.76748526096344
00:47:07.11,58.65869140625,Passeriforme,99.84005093574524,Turdidae,99.06349182128906,OTHE,96.24012410640717
00:47:10.41,60.919769287109375,other,73.00496399402618,other,73.00496399402618,OTHE,73.00496399402618
00:47:47.81,54.75751495361328,Passeriforme,99.99949932098389,Turdidae,68.85861158370972,OTHE,99.43489730358124
00:48:03.46,99.98999786376953,Passeriforme,99.73585605621338,Turdidae,94.94431614875793,OTHE,98.31666350364685
00:48:23.04,66.14080810546875,Passeriforme,94.88762617111206,Turdidae,94.06754970550537,OTHE,99.61751997470856
00:48:33.85,50.292076110839844,Passeriforme,99.92077350616455,Turdidae,90.93445539474487,OTHE,95.18194794654846
00:48:44.36,63.525726318359375,Passeriforme,97.17361330986023,Turdidae,90.50549268722534,OTHE,99.4406133890152
00:48:51.22,65.7303466796875,Passeriforme,99.6123194694519,Turdidae,94.16828155517578,OTHE,99.24788475036621
00:49:13.42,52.625526428222656,Passeriforme,99.82737302780151,Turdidae,79.69330549240112,OTHE,99.68938529491425
00:49:16.28,64.83686828613281,other,86.49159669876099,other,86.49159669876099,OTHE,86.49159669876099
00:49:18.80,74.36883544921875,Passeriforme,95.64592838287354,Turdidae,95.30309438705444,OTHE,99.48627352714539
00:49:19.00,53.82512283325195,Passeriforme,99.9781847000122,Turdidae,92.2131896018982,OTHE,64.30272459983826
00:49:19.84,52.33952713012695,Passeriforme,99.92191195487976,Turdidae,99.70338344573975,SWTH,63.12516927719116
00:49:21.66,64.05473327636719,other,55.678167939186096,other,55.678167939186096,OTHE,55.678167939186096
00:49:38.74,56.93015670776367,Passeriforme,99.65502619743347,other,83.82623195648193,OTHE,83.82623195648193
00:50:32.77,64.51600646972656,Passeriforme,99.5599627494812,Turdidae,97.91936874389648,OTHE,94.28487122058868
00:50:43.37,52.94105911254883,Passeriforme,99.9987244606018,Turdidae,92.92701482772827,OTHE,99.47419464588165
00:50:46.68,70.83827209472656,Passeriforme,99.60071444511414,Turdidae,54.474931955337524,OTHE,99.73880052566528
00:50:49.49,52.62609100341797,Passeriforme,99.9948799610138,Parulidae,93.3168888092041,OTHE,98.17635715007782
00:50:50.97,60.623077392578125,Passeriforme,99.99138116836548,Turdidae,97.11881875991821,OTHE,99.44906532764435
00:50:52.80,64.1971206665039,Passeriforme,99.99327063560486,Turdidae,59.40539240837097,OTHE,98.97896945476532
00:50:54.87,62.146812438964844,Passeriforme,98.10999631881714,Turdidae,85.64192056655884,OTHE,53.336694836616516
00:51:02.72,99.98999786376953,Passeriforme,92.4197256565094,Turdidae,98.69396686553955,OTHE,94.00539100170135
00:51:10.02,61.44941711425781,Passeriforme,98.24614524841309,Turdidae,85.08788347244263,OTHE,99.44495260715485
00:51:12.44,59.57886505126953,Passeriforme,59.86802577972412,Turdidae,97.2010850906372,OTHE,93.77536475658417
00:51:13.32,66.18333435058594,Passeriforme,99.76869821548462,other,61.785757541656494,OTHE,61.785757541656494
00:51:26.60,56.75112533569336,Passeriforme,99.55417513847351,Turdidae,99.81005787849426,SWTH,66.25388860702515
00:51:27.34,73.25157165527344,Passeriforme,98.76054525375366,Turdidae,68.34203004837036,OTHE,99.82092380523682
00:51:28.92,99.98999786376953,Passeriforme,99.83155727386475,Turdidae,99.23725724220276,OTHE,90.34256041049957
00:51:41.01,57.14817810058594,Passeriforme,99.98852014541626,Turdidae,89.78381156921387,OTHE,97.60629534721375
00:51:44.46,50.15477752685547,Passeriforme,99.96628761291504,Turdidae,97.97738790512085,OTHE,84.77312624454498
00:51:44.76,63.68488311767578,Passeriforme,99.99966621398926,Turdidae,99.19154047966003,OTHE,90.33307135105133
00:51:50.68,99.98999786376953,Passeriforme,99.98467564582825,Passerellidae,97.8945255279541,OTHE,70.63046097755432
00:51:51.91,57.516937255859375,Passeriforme,99.75820183753967,other,77.72362232208252,OTHE,77.72362232208252
00:51:57.63,63.555755615234375,Passeriforme,97.62026071548462,Turdidae,99.36963319778442,OTHE,88.62306773662567
00:52:00.69,64.366943359375,Passeriforme,99.95817542076111,Turdidae,99.6120810508728,OTHE,58.93157422542572
00:52:01.09,56.54119873046875,Passeriforme,99.99880194664001,Turdidae,98.63450527191162,OTHE,96.61159217357635
00:52:06.22,74.02439880371094,Passeriforme,99.99407529830933,Turdidae,99.95757341384888,OTHE,70.796599984169
00:52:07.21,56.978919982910156,Passeriforme,99.90772008895874,Turdidae,91.39577150344849,OTHE,99.36882853507996
00:52:15.40,53.674095153808594,Passeriforme,98.95182847976685,Turdidae,80.40335178375244,OTHE,60.49010753631592
00:52:23.88,57.48240280151367,Passeriforme,99.84914064407349,Turdidae,99.75697994232178,OTHE,72.43612408638
00:52:26.99,54.77280807495117,Passeriforme,97.14251756668091,other,59.16588306427002,OTHE,59.16588306427002
00:52:28.97,99.98999786376953,Passeriforme,95.21450400352478,Turdidae,70.52692174911499,OTHE,99.85224306583405
